ISO-10303-21;
HEADER;
/* Generated by software containing ST-Developer
 * from STEP Tools, Inc. (www.steptools.com) 
 */

FILE_DESCRIPTION(
/* description */ ('KiCad electronic assembly'),
/* implementation_level */ '2;1');

FILE_NAME(
/* name */ '3D0xEntropyFinal.step',
/* time_stamp */ '2026-09-25T20:26:56+02:00',
/* author */ (''),
/* organization */ (''),
/* preprocessor_version */ 'ST-DEVELOPER v20.2',
/* originating_system */ 'Autodesk Translation Framework v15.15.0.0',
/* authorisation */ '');

FILE_SCHEMA (('AUTOMOTIVE_DESIGN { 1 0 10303 214 3 1 1 }'));
ENDSEC;

DATA;
#10=MECHANICAL_DESIGN_GEOMETRIC_PRESENTATION_REPRESENTATION('',(#17,#18),
#5364);
#11=SHAPE_REPRESENTATION_RELATIONSHIP('SRR','None',#5374,#12);
#12=ADVANCED_BREP_SHAPE_REPRESENTATION('',(#19,#20),#5362);
#13=ITEM_DEFINED_TRANSFORMATION($,$,#3210,#3510);
#14=(
REPRESENTATION_RELATIONSHIP($,$,#5375,#5374)
REPRESENTATION_RELATIONSHIP_WITH_TRANSFORMATION(#13)
SHAPE_REPRESENTATION_RELATIONSHIP()
);
#15=CONTEXT_DEPENDENT_SHAPE_REPRESENTATION(#14,#5373);
#16=NEXT_ASSEMBLY_USAGE_OCCURRENCE('Component19:1','Component19:1',
'Component19:1',#5377,#5378,'Component19:1');
#17=STYLED_ITEM('',(#5388),#19);
#18=STYLED_ITEM('',(#5388),#20);
#19=MANIFOLD_SOLID_BREP('Body4',#3195);
#20=MANIFOLD_SOLID_BREP('Body5',#3196);
#21=FACE_BOUND('',#307,.T.);
#22=FACE_BOUND('',#321,.T.);
#23=FACE_BOUND('',#327,.T.);
#24=FACE_BOUND('',#329,.T.);
#25=FACE_BOUND('',#330,.T.);
#26=FACE_BOUND('',#338,.T.);
#27=FACE_BOUND('',#342,.T.);
#28=FACE_BOUND('',#346,.T.);
#29=FACE_BOUND('',#350,.T.);
#30=FACE_BOUND('',#358,.T.);
#31=FACE_BOUND('',#359,.T.);
#32=FACE_BOUND('',#360,.T.);
#33=FACE_BOUND('',#361,.T.);
#34=FACE_BOUND('',#365,.T.);
#35=FACE_BOUND('',#401,.T.);
#36=FACE_BOUND('',#402,.T.);
#37=FACE_BOUND('',#403,.T.);
#38=FACE_BOUND('',#404,.T.);
#39=FACE_BOUND('',#417,.T.);
#40=FACE_BOUND('',#419,.T.);
#41=FACE_BOUND('',#427,.T.);
#42=FACE_BOUND('',#429,.T.);
#43=FACE_BOUND('',#437,.T.);
#44=FACE_BOUND('',#439,.T.);
#45=FACE_BOUND('',#447,.T.);
#46=FACE_BOUND('',#449,.T.);
#47=FACE_BOUND('',#482,.T.);
#48=FACE_BOUND('',#483,.T.);
#49=FACE_BOUND('',#484,.T.);
#50=FACE_BOUND('',#485,.T.);
#51=FACE_BOUND('',#491,.T.);
#52=FACE_BOUND('',#493,.T.);
#53=FACE_BOUND('',#494,.T.);
#54=FACE_BOUND('',#495,.T.);
#55=FACE_BOUND('',#496,.T.);
#56=CYLINDRICAL_SURFACE('',#3220,3.);
#57=CYLINDRICAL_SURFACE('',#3224,3.);
#58=CYLINDRICAL_SURFACE('',#3237,6.79999967883402);
#59=CYLINDRICAL_SURFACE('',#3240,6.79999967883402);
#60=CYLINDRICAL_SURFACE('',#3243,6.799999678834);
#61=CYLINDRICAL_SURFACE('',#3246,6.799999678834);
#62=CYLINDRICAL_SURFACE('',#3257,8.19999967883401);
#63=CYLINDRICAL_SURFACE('',#3259,8.19999967883398);
#64=CYLINDRICAL_SURFACE('',#3261,5.199999678834);
#65=CYLINDRICAL_SURFACE('',#3264,5.19999967883398);
#66=CYLINDRICAL_SURFACE('',#3266,5.19999967883401);
#67=CYLINDRICAL_SURFACE('',#3270,4.1);
#68=CYLINDRICAL_SURFACE('',#3275,4.1);
#69=CYLINDRICAL_SURFACE('',#3289,3.6);
#70=CYLINDRICAL_SURFACE('',#3291,3.6);
#71=CYLINDRICAL_SURFACE('',#3292,5.19999967883401);
#72=CYLINDRICAL_SURFACE('',#3296,2.2);
#73=CYLINDRICAL_SURFACE('',#3298,1.1);
#74=CYLINDRICAL_SURFACE('',#3302,2.2);
#75=CYLINDRICAL_SURFACE('',#3304,1.1);
#76=CYLINDRICAL_SURFACE('',#3308,2.2);
#77=CYLINDRICAL_SURFACE('',#3310,1.1);
#78=CYLINDRICAL_SURFACE('',#3314,2.2);
#79=CYLINDRICAL_SURFACE('',#3316,1.1);
#80=CYLINDRICAL_SURFACE('',#3318,8.19999967883401);
#81=CYLINDRICAL_SURFACE('',#3321,8.199999678834);
#82=CYLINDRICAL_SURFACE('',#3339,3.);
#83=CYLINDRICAL_SURFACE('',#3343,2.99999999999999);
#84=CYLINDRICAL_SURFACE('',#3346,6.59999967883401);
#85=CYLINDRICAL_SURFACE('',#3350,6.59999967883401);
#86=CYLINDRICAL_SURFACE('',#3354,6.59999967883401);
#87=CYLINDRICAL_SURFACE('',#3358,6.599999678834);
#88=CYLINDRICAL_SURFACE('',#3367,8.19999967883401);
#89=CYLINDRICAL_SURFACE('',#3370,8.19999967883398);
#90=CYLINDRICAL_SURFACE('',#3373,8.19999967883401);
#91=CYLINDRICAL_SURFACE('',#3381,3.1);
#92=CYLINDRICAL_SURFACE('',#3383,1.1);
#93=CYLINDRICAL_SURFACE('',#3390,3.1);
#94=CYLINDRICAL_SURFACE('',#3392,1.1);
#95=CYLINDRICAL_SURFACE('',#3409,3.1);
#96=CYLINDRICAL_SURFACE('',#3411,3.1);
#97=CYLINDRICAL_SURFACE('',#3412,1.1);
#98=CYLINDRICAL_SURFACE('',#3414,1.1);
#99=CYLINDRICAL_SURFACE('',#3416,1.1);
#100=CYLINDRICAL_SURFACE('',#3418,1.1);
#101=CYLINDRICAL_SURFACE('',#3420,1.1);
#102=CYLINDRICAL_SURFACE('',#3422,1.1);
#103=CYLINDRICAL_SURFACE('',#3456,8.199999678834);
#104=CYLINDRICAL_SURFACE('',#3459,5.199999678834);
#105=CYLINDRICAL_SURFACE('',#3460,5.19999967883401);
#106=CYLINDRICAL_SURFACE('',#3461,6.29999999999944);
#107=CYLINDRICAL_SURFACE('',#3466,6.3000000000255);
#108=CYLINDRICAL_SURFACE('',#3471,8.3000000000255);
#109=CYLINDRICAL_SURFACE('',#3474,8.29999999999945);
#110=CYLINDRICAL_SURFACE('',#3482,1.1);
#111=CYLINDRICAL_SURFACE('',#3485,1.1);
#112=CYLINDRICAL_SURFACE('',#3488,1.1);
#113=CYLINDRICAL_SURFACE('',#3491,1.1);
#114=CYLINDRICAL_SURFACE('',#3494,6.30000000001158);
#115=CYLINDRICAL_SURFACE('',#3498,6.29999999998419);
#116=CYLINDRICAL_SURFACE('',#3503,8.30000000001158);
#117=CYLINDRICAL_SURFACE('',#3506,8.29999999998419);
#118=FACE_OUTER_BOUND('',#290,.T.);
#119=FACE_OUTER_BOUND('',#291,.T.);
#120=FACE_OUTER_BOUND('',#292,.T.);
#121=FACE_OUTER_BOUND('',#293,.T.);
#122=FACE_OUTER_BOUND('',#294,.T.);
#123=FACE_OUTER_BOUND('',#295,.T.);
#124=FACE_OUTER_BOUND('',#296,.T.);
#125=FACE_OUTER_BOUND('',#297,.T.);
#126=FACE_OUTER_BOUND('',#298,.T.);
#127=FACE_OUTER_BOUND('',#299,.T.);
#128=FACE_OUTER_BOUND('',#300,.T.);
#129=FACE_OUTER_BOUND('',#301,.T.);
#130=FACE_OUTER_BOUND('',#302,.T.);
#131=FACE_OUTER_BOUND('',#303,.T.);
#132=FACE_OUTER_BOUND('',#304,.T.);
#133=FACE_OUTER_BOUND('',#305,.T.);
#134=FACE_OUTER_BOUND('',#306,.T.);
#135=FACE_OUTER_BOUND('',#308,.T.);
#136=FACE_OUTER_BOUND('',#309,.T.);
#137=FACE_OUTER_BOUND('',#310,.T.);
#138=FACE_OUTER_BOUND('',#311,.T.);
#139=FACE_OUTER_BOUND('',#312,.T.);
#140=FACE_OUTER_BOUND('',#313,.T.);
#141=FACE_OUTER_BOUND('',#314,.T.);
#142=FACE_OUTER_BOUND('',#315,.T.);
#143=FACE_OUTER_BOUND('',#316,.T.);
#144=FACE_OUTER_BOUND('',#317,.T.);
#145=FACE_OUTER_BOUND('',#318,.T.);
#146=FACE_OUTER_BOUND('',#319,.T.);
#147=FACE_OUTER_BOUND('',#320,.T.);
#148=FACE_OUTER_BOUND('',#322,.T.);
#149=FACE_OUTER_BOUND('',#323,.T.);
#150=FACE_OUTER_BOUND('',#324,.T.);
#151=FACE_OUTER_BOUND('',#325,.T.);
#152=FACE_OUTER_BOUND('',#326,.T.);
#153=FACE_OUTER_BOUND('',#328,.T.);
#154=FACE_OUTER_BOUND('',#331,.T.);
#155=FACE_OUTER_BOUND('',#332,.T.);
#156=FACE_OUTER_BOUND('',#333,.T.);
#157=FACE_OUTER_BOUND('',#334,.T.);
#158=FACE_OUTER_BOUND('',#335,.T.);
#159=FACE_OUTER_BOUND('',#336,.T.);
#160=FACE_OUTER_BOUND('',#337,.T.);
#161=FACE_OUTER_BOUND('',#339,.T.);
#162=FACE_OUTER_BOUND('',#340,.T.);
#163=FACE_OUTER_BOUND('',#341,.T.);
#164=FACE_OUTER_BOUND('',#343,.T.);
#165=FACE_OUTER_BOUND('',#344,.T.);
#166=FACE_OUTER_BOUND('',#345,.T.);
#167=FACE_OUTER_BOUND('',#347,.T.);
#168=FACE_OUTER_BOUND('',#348,.T.);
#169=FACE_OUTER_BOUND('',#349,.T.);
#170=FACE_OUTER_BOUND('',#351,.T.);
#171=FACE_OUTER_BOUND('',#352,.T.);
#172=FACE_OUTER_BOUND('',#353,.T.);
#173=FACE_OUTER_BOUND('',#354,.T.);
#174=FACE_OUTER_BOUND('',#355,.T.);
#175=FACE_OUTER_BOUND('',#356,.T.);
#176=FACE_OUTER_BOUND('',#357,.T.);
#177=FACE_OUTER_BOUND('',#362,.T.);
#178=FACE_OUTER_BOUND('',#363,.T.);
#179=FACE_OUTER_BOUND('',#364,.T.);
#180=FACE_OUTER_BOUND('',#366,.T.);
#181=FACE_OUTER_BOUND('',#367,.T.);
#182=FACE_OUTER_BOUND('',#368,.T.);
#183=FACE_OUTER_BOUND('',#369,.T.);
#184=FACE_OUTER_BOUND('',#370,.T.);
#185=FACE_OUTER_BOUND('',#371,.T.);
#186=FACE_OUTER_BOUND('',#372,.T.);
#187=FACE_OUTER_BOUND('',#373,.T.);
#188=FACE_OUTER_BOUND('',#374,.T.);
#189=FACE_OUTER_BOUND('',#375,.T.);
#190=FACE_OUTER_BOUND('',#376,.T.);
#191=FACE_OUTER_BOUND('',#377,.T.);
#192=FACE_OUTER_BOUND('',#378,.T.);
#193=FACE_OUTER_BOUND('',#379,.T.);
#194=FACE_OUTER_BOUND('',#380,.T.);
#195=FACE_OUTER_BOUND('',#381,.T.);
#196=FACE_OUTER_BOUND('',#382,.T.);
#197=FACE_OUTER_BOUND('',#383,.T.);
#198=FACE_OUTER_BOUND('',#384,.T.);
#199=FACE_OUTER_BOUND('',#385,.T.);
#200=FACE_OUTER_BOUND('',#386,.T.);
#201=FACE_OUTER_BOUND('',#387,.T.);
#202=FACE_OUTER_BOUND('',#388,.T.);
#203=FACE_OUTER_BOUND('',#389,.T.);
#204=FACE_OUTER_BOUND('',#390,.T.);
#205=FACE_OUTER_BOUND('',#391,.T.);
#206=FACE_OUTER_BOUND('',#392,.T.);
#207=FACE_OUTER_BOUND('',#393,.T.);
#208=FACE_OUTER_BOUND('',#394,.T.);
#209=FACE_OUTER_BOUND('',#395,.T.);
#210=FACE_OUTER_BOUND('',#396,.T.);
#211=FACE_OUTER_BOUND('',#397,.T.);
#212=FACE_OUTER_BOUND('',#398,.T.);
#213=FACE_OUTER_BOUND('',#399,.T.);
#214=FACE_OUTER_BOUND('',#400,.T.);
#215=FACE_OUTER_BOUND('',#405,.T.);
#216=FACE_OUTER_BOUND('',#406,.T.);
#217=FACE_OUTER_BOUND('',#407,.T.);
#218=FACE_OUTER_BOUND('',#408,.T.);
#219=FACE_OUTER_BOUND('',#409,.T.);
#220=FACE_OUTER_BOUND('',#410,.T.);
#221=FACE_OUTER_BOUND('',#411,.T.);
#222=FACE_OUTER_BOUND('',#412,.T.);
#223=FACE_OUTER_BOUND('',#413,.T.);
#224=FACE_OUTER_BOUND('',#414,.T.);
#225=FACE_OUTER_BOUND('',#415,.T.);
#226=FACE_OUTER_BOUND('',#416,.T.);
#227=FACE_OUTER_BOUND('',#418,.T.);
#228=FACE_OUTER_BOUND('',#420,.T.);
#229=FACE_OUTER_BOUND('',#421,.T.);
#230=FACE_OUTER_BOUND('',#422,.T.);
#231=FACE_OUTER_BOUND('',#423,.T.);
#232=FACE_OUTER_BOUND('',#424,.T.);
#233=FACE_OUTER_BOUND('',#425,.T.);
#234=FACE_OUTER_BOUND('',#426,.T.);
#235=FACE_OUTER_BOUND('',#428,.T.);
#236=FACE_OUTER_BOUND('',#430,.T.);
#237=FACE_OUTER_BOUND('',#431,.T.);
#238=FACE_OUTER_BOUND('',#432,.T.);
#239=FACE_OUTER_BOUND('',#433,.T.);
#240=FACE_OUTER_BOUND('',#434,.T.);
#241=FACE_OUTER_BOUND('',#435,.T.);
#242=FACE_OUTER_BOUND('',#436,.T.);
#243=FACE_OUTER_BOUND('',#438,.T.);
#244=FACE_OUTER_BOUND('',#440,.T.);
#245=FACE_OUTER_BOUND('',#441,.T.);
#246=FACE_OUTER_BOUND('',#442,.T.);
#247=FACE_OUTER_BOUND('',#443,.T.);
#248=FACE_OUTER_BOUND('',#444,.T.);
#249=FACE_OUTER_BOUND('',#445,.T.);
#250=FACE_OUTER_BOUND('',#446,.T.);
#251=FACE_OUTER_BOUND('',#448,.T.);
#252=FACE_OUTER_BOUND('',#450,.T.);
#253=FACE_OUTER_BOUND('',#451,.T.);
#254=FACE_OUTER_BOUND('',#452,.T.);
#255=FACE_OUTER_BOUND('',#453,.T.);
#256=FACE_OUTER_BOUND('',#454,.T.);
#257=FACE_OUTER_BOUND('',#455,.T.);
#258=FACE_OUTER_BOUND('',#456,.T.);
#259=FACE_OUTER_BOUND('',#457,.T.);
#260=FACE_OUTER_BOUND('',#458,.T.);
#261=FACE_OUTER_BOUND('',#459,.T.);
#262=FACE_OUTER_BOUND('',#460,.T.);
#263=FACE_OUTER_BOUND('',#461,.T.);
#264=FACE_OUTER_BOUND('',#462,.T.);
#265=FACE_OUTER_BOUND('',#463,.T.);
#266=FACE_OUTER_BOUND('',#464,.T.);
#267=FACE_OUTER_BOUND('',#465,.T.);
#268=FACE_OUTER_BOUND('',#466,.T.);
#269=FACE_OUTER_BOUND('',#467,.T.);
#270=FACE_OUTER_BOUND('',#468,.T.);
#271=FACE_OUTER_BOUND('',#469,.T.);
#272=FACE_OUTER_BOUND('',#470,.T.);
#273=FACE_OUTER_BOUND('',#471,.T.);
#274=FACE_OUTER_BOUND('',#472,.T.);
#275=FACE_OUTER_BOUND('',#473,.T.);
#276=FACE_OUTER_BOUND('',#474,.T.);
#277=FACE_OUTER_BOUND('',#475,.T.);
#278=FACE_OUTER_BOUND('',#476,.T.);
#279=FACE_OUTER_BOUND('',#477,.T.);
#280=FACE_OUTER_BOUND('',#478,.T.);
#281=FACE_OUTER_BOUND('',#479,.T.);
#282=FACE_OUTER_BOUND('',#480,.T.);
#283=FACE_OUTER_BOUND('',#481,.T.);
#284=FACE_OUTER_BOUND('',#486,.T.);
#285=FACE_OUTER_BOUND('',#487,.T.);
#286=FACE_OUTER_BOUND('',#488,.T.);
#287=FACE_OUTER_BOUND('',#489,.T.);
#288=FACE_OUTER_BOUND('',#490,.T.);
#289=FACE_OUTER_BOUND('',#492,.T.);
#290=EDGE_LOOP('',(#2015,#2016,#2017,#2018,#2019,#2020,#2021,#2022,#2023,
#2024,#2025,#2026,#2027,#2028,#2029,#2030));
#291=EDGE_LOOP('',(#2031,#2032,#2033,#2034));
#292=EDGE_LOOP('',(#2035,#2036,#2037,#2038));
#293=EDGE_LOOP('',(#2039,#2040,#2041,#2042));
#294=EDGE_LOOP('',(#2043,#2044,#2045,#2046));
#295=EDGE_LOOP('',(#2047,#2048,#2049,#2050));
#296=EDGE_LOOP('',(#2051,#2052,#2053,#2054,#2055,#2056,#2057,#2058,#2059,
#2060));
#297=EDGE_LOOP('',(#2061,#2062,#2063,#2064,#2065,#2066,#2067,#2068,#2069,
#2070,#2071,#2072,#2073,#2074,#2075,#2076,#2077,#2078,#2079,#2080));
#298=EDGE_LOOP('',(#2081,#2082,#2083,#2084));
#299=EDGE_LOOP('',(#2085,#2086,#2087,#2088));
#300=EDGE_LOOP('',(#2089,#2090,#2091,#2092));
#301=EDGE_LOOP('',(#2093,#2094,#2095,#2096));
#302=EDGE_LOOP('',(#2097,#2098,#2099,#2100));
#303=EDGE_LOOP('',(#2101,#2102,#2103,#2104));
#304=EDGE_LOOP('',(#2105,#2106,#2107,#2108));
#305=EDGE_LOOP('',(#2109,#2110,#2111,#2112,#2113,#2114,#2115,#2116,#2117,
#2118));
#306=EDGE_LOOP('',(#2119,#2120,#2121,#2122,#2123,#2124,#2125,#2126));
#307=EDGE_LOOP('',(#2127,#2128,#2129,#2130,#2131,#2132,#2133,#2134));
#308=EDGE_LOOP('',(#2135,#2136,#2137,#2138,#2139,#2140));
#309=EDGE_LOOP('',(#2141,#2142,#2143,#2144,#2145,#2146,#2147,#2148));
#310=EDGE_LOOP('',(#2149,#2150,#2151,#2152));
#311=EDGE_LOOP('',(#2153,#2154,#2155,#2156));
#312=EDGE_LOOP('',(#2157,#2158,#2159,#2160));
#313=EDGE_LOOP('',(#2161,#2162,#2163,#2164,#2165,#2166));
#314=EDGE_LOOP('',(#2167,#2168,#2169,#2170));
#315=EDGE_LOOP('',(#2171,#2172,#2173,#2174));
#316=EDGE_LOOP('',(#2175,#2176,#2177,#2178));
#317=EDGE_LOOP('',(#2179,#2180,#2181,#2182));
#318=EDGE_LOOP('',(#2183,#2184,#2185,#2186));
#319=EDGE_LOOP('',(#2187,#2188,#2189,#2190));
#320=EDGE_LOOP('',(#2191,#2192,#2193,#2194,#2195,#2196));
#321=EDGE_LOOP('',(#2197));
#322=EDGE_LOOP('',(#2198,#2199,#2200,#2201,#2202,#2203));
#323=EDGE_LOOP('',(#2204,#2205,#2206,#2207));
#324=EDGE_LOOP('',(#2208,#2209,#2210,#2211));
#325=EDGE_LOOP('',(#2212,#2213,#2214,#2215));
#326=EDGE_LOOP('',(#2216,#2217,#2218,#2219,#2220,#2221));
#327=EDGE_LOOP('',(#2222));
#328=EDGE_LOOP('',(#2223,#2224,#2225,#2226,#2227,#2228,#2229,#2230));
#329=EDGE_LOOP('',(#2231));
#330=EDGE_LOOP('',(#2232));
#331=EDGE_LOOP('',(#2233,#2234,#2235,#2236));
#332=EDGE_LOOP('',(#2237,#2238,#2239,#2240));
#333=EDGE_LOOP('',(#2241,#2242,#2243,#2244));
#334=EDGE_LOOP('',(#2245,#2246,#2247,#2248));
#335=EDGE_LOOP('',(#2249,#2250,#2251,#2252));
#336=EDGE_LOOP('',(#2253,#2254,#2255,#2256,#2257,#2258));
#337=EDGE_LOOP('',(#2259));
#338=EDGE_LOOP('',(#2260));
#339=EDGE_LOOP('',(#2261,#2262,#2263,#2264));
#340=EDGE_LOOP('',(#2265,#2266,#2267,#2268));
#341=EDGE_LOOP('',(#2269));
#342=EDGE_LOOP('',(#2270));
#343=EDGE_LOOP('',(#2271,#2272,#2273,#2274));
#344=EDGE_LOOP('',(#2275,#2276,#2277,#2278));
#345=EDGE_LOOP('',(#2279));
#346=EDGE_LOOP('',(#2280));
#347=EDGE_LOOP('',(#2281,#2282,#2283,#2284));
#348=EDGE_LOOP('',(#2285,#2286,#2287,#2288));
#349=EDGE_LOOP('',(#2289));
#350=EDGE_LOOP('',(#2290));
#351=EDGE_LOOP('',(#2291,#2292,#2293,#2294));
#352=EDGE_LOOP('',(#2295,#2296,#2297,#2298));
#353=EDGE_LOOP('',(#2299,#2300,#2301,#2302));
#354=EDGE_LOOP('',(#2303,#2304,#2305,#2306));
#355=EDGE_LOOP('',(#2307,#2308,#2309,#2310));
#356=EDGE_LOOP('',(#2311,#2312,#2313,#2314));
#357=EDGE_LOOP('',(#2315,#2316,#2317,#2318,#2319,#2320,#2321,#2322));
#358=EDGE_LOOP('',(#2323));
#359=EDGE_LOOP('',(#2324));
#360=EDGE_LOOP('',(#2325));
#361=EDGE_LOOP('',(#2326));
#362=EDGE_LOOP('',(#2327,#2328,#2329,#2330));
#363=EDGE_LOOP('',(#2331,#2332,#2333,#2334));
#364=EDGE_LOOP('',(#2335,#2336,#2337,#2338,#2339,#2340,#2341,#2342,#2343,
#2344,#2345,#2346,#2347,#2348,#2349,#2350));
#365=EDGE_LOOP('',(#2351,#2352,#2353,#2354,#2355,#2356,#2357,#2358));
#366=EDGE_LOOP('',(#2359,#2360,#2361,#2362,#2363,#2364));
#367=EDGE_LOOP('',(#2365,#2366,#2367,#2368,#2369,#2370));
#368=EDGE_LOOP('',(#2371,#2372,#2373,#2374));
#369=EDGE_LOOP('',(#2375,#2376,#2377,#2378));
#370=EDGE_LOOP('',(#2379,#2380,#2381,#2382));
#371=EDGE_LOOP('',(#2383,#2384,#2385,#2386));
#372=EDGE_LOOP('',(#2387,#2388,#2389,#2390));
#373=EDGE_LOOP('',(#2391,#2392,#2393,#2394));
#374=EDGE_LOOP('',(#2395,#2396,#2397,#2398));
#375=EDGE_LOOP('',(#2399,#2400,#2401,#2402));
#376=EDGE_LOOP('',(#2403,#2404,#2405,#2406));
#377=EDGE_LOOP('',(#2407,#2408,#2409,#2410));
#378=EDGE_LOOP('',(#2411,#2412,#2413,#2414,#2415,#2416,#2417,#2418,#2419,
#2420,#2421,#2422,#2423,#2424,#2425,#2426,#2427,#2428,#2429,#2430));
#379=EDGE_LOOP('',(#2431,#2432,#2433,#2434));
#380=EDGE_LOOP('',(#2435,#2436,#2437,#2438));
#381=EDGE_LOOP('',(#2439,#2440,#2441,#2442));
#382=EDGE_LOOP('',(#2443,#2444,#2445,#2446));
#383=EDGE_LOOP('',(#2447,#2448,#2449,#2450,#2451,#2452,#2453,#2454,#2455,
#2456));
#384=EDGE_LOOP('',(#2457,#2458,#2459,#2460));
#385=EDGE_LOOP('',(#2461,#2462,#2463,#2464));
#386=EDGE_LOOP('',(#2465));
#387=EDGE_LOOP('',(#2466,#2467,#2468,#2469,#2470,#2471,#2472,#2473,#2474,
#2475));
#388=EDGE_LOOP('',(#2476,#2477,#2478,#2479));
#389=EDGE_LOOP('',(#2480,#2481,#2482,#2483));
#390=EDGE_LOOP('',(#2484,#2485,#2486,#2487));
#391=EDGE_LOOP('',(#2488,#2489,#2490,#2491));
#392=EDGE_LOOP('',(#2492));
#393=EDGE_LOOP('',(#2493,#2494,#2495,#2496));
#394=EDGE_LOOP('',(#2497,#2498,#2499,#2500));
#395=EDGE_LOOP('',(#2501,#2502,#2503,#2504));
#396=EDGE_LOOP('',(#2505,#2506,#2507,#2508));
#397=EDGE_LOOP('',(#2509,#2510,#2511,#2512));
#398=EDGE_LOOP('',(#2513));
#399=EDGE_LOOP('',(#2514));
#400=EDGE_LOOP('',(#2515,#2516,#2517,#2518,#2519,#2520,#2521,#2522,#2523,
#2524,#2525,#2526,#2527,#2528,#2529,#2530,#2531,#2532,#2533,#2534,#2535,
#2536,#2537,#2538,#2539,#2540,#2541,#2542));
#401=EDGE_LOOP('',(#2543));
#402=EDGE_LOOP('',(#2544));
#403=EDGE_LOOP('',(#2545));
#404=EDGE_LOOP('',(#2546));
#405=EDGE_LOOP('',(#2547,#2548,#2549,#2550));
#406=EDGE_LOOP('',(#2551,#2552,#2553,#2554));
#407=EDGE_LOOP('',(#2555,#2556,#2557,#2558));
#408=EDGE_LOOP('',(#2559,#2560,#2561,#2562));
#409=EDGE_LOOP('',(#2563,#2564,#2565,#2566));
#410=EDGE_LOOP('',(#2567,#2568,#2569,#2570));
#411=EDGE_LOOP('',(#2571,#2572,#2573,#2574));
#412=EDGE_LOOP('',(#2575,#2576,#2577,#2578));
#413=EDGE_LOOP('',(#2579,#2580,#2581,#2582));
#414=EDGE_LOOP('',(#2583,#2584,#2585,#2586));
#415=EDGE_LOOP('',(#2587,#2588,#2589,#2590));
#416=EDGE_LOOP('',(#2591,#2592,#2593,#2594,#2595,#2596));
#417=EDGE_LOOP('',(#2597));
#418=EDGE_LOOP('',(#2598,#2599,#2600,#2601,#2602,#2603));
#419=EDGE_LOOP('',(#2604));
#420=EDGE_LOOP('',(#2605,#2606,#2607,#2608));
#421=EDGE_LOOP('',(#2609,#2610,#2611,#2612));
#422=EDGE_LOOP('',(#2613,#2614,#2615,#2616));
#423=EDGE_LOOP('',(#2617,#2618,#2619,#2620));
#424=EDGE_LOOP('',(#2621,#2622,#2623,#2624));
#425=EDGE_LOOP('',(#2625,#2626,#2627,#2628));
#426=EDGE_LOOP('',(#2629,#2630,#2631,#2632,#2633,#2634));
#427=EDGE_LOOP('',(#2635));
#428=EDGE_LOOP('',(#2636,#2637,#2638,#2639,#2640,#2641));
#429=EDGE_LOOP('',(#2642));
#430=EDGE_LOOP('',(#2643,#2644,#2645,#2646));
#431=EDGE_LOOP('',(#2647,#2648,#2649,#2650));
#432=EDGE_LOOP('',(#2651,#2652,#2653,#2654));
#433=EDGE_LOOP('',(#2655,#2656,#2657,#2658));
#434=EDGE_LOOP('',(#2659,#2660,#2661,#2662));
#435=EDGE_LOOP('',(#2663,#2664,#2665,#2666));
#436=EDGE_LOOP('',(#2667,#2668,#2669,#2670,#2671,#2672));
#437=EDGE_LOOP('',(#2673));
#438=EDGE_LOOP('',(#2674,#2675,#2676,#2677,#2678,#2679));
#439=EDGE_LOOP('',(#2680));
#440=EDGE_LOOP('',(#2681,#2682,#2683,#2684));
#441=EDGE_LOOP('',(#2685,#2686,#2687,#2688));
#442=EDGE_LOOP('',(#2689,#2690,#2691,#2692));
#443=EDGE_LOOP('',(#2693,#2694,#2695,#2696));
#444=EDGE_LOOP('',(#2697,#2698,#2699,#2700));
#445=EDGE_LOOP('',(#2701,#2702,#2703,#2704));
#446=EDGE_LOOP('',(#2705,#2706,#2707,#2708,#2709,#2710));
#447=EDGE_LOOP('',(#2711));
#448=EDGE_LOOP('',(#2712,#2713,#2714,#2715,#2716,#2717));
#449=EDGE_LOOP('',(#2718));
#450=EDGE_LOOP('',(#2719,#2720,#2721,#2722));
#451=EDGE_LOOP('',(#2723,#2724,#2725,#2726));
#452=EDGE_LOOP('',(#2727,#2728,#2729,#2730));
#453=EDGE_LOOP('',(#2731,#2732,#2733,#2734));
#454=EDGE_LOOP('',(#2735,#2736,#2737,#2738));
#455=EDGE_LOOP('',(#2739,#2740,#2741,#2742));
#456=EDGE_LOOP('',(#2743,#2744,#2745,#2746));
#457=EDGE_LOOP('',(#2747,#2748,#2749,#2750));
#458=EDGE_LOOP('',(#2751,#2752,#2753,#2754));
#459=EDGE_LOOP('',(#2755,#2756,#2757,#2758));
#460=EDGE_LOOP('',(#2759,#2760,#2761,#2762,#2763,#2764,#2765));
#461=EDGE_LOOP('',(#2766,#2767,#2768,#2769));
#462=EDGE_LOOP('',(#2770,#2771,#2772,#2773));
#463=EDGE_LOOP('',(#2774,#2775,#2776,#2777));
#464=EDGE_LOOP('',(#2778,#2779,#2780,#2781));
#465=EDGE_LOOP('',(#2782,#2783,#2784,#2785));
#466=EDGE_LOOP('',(#2786,#2787,#2788,#2789));
#467=EDGE_LOOP('',(#2790,#2791,#2792,#2793,#2794));
#468=EDGE_LOOP('',(#2795,#2796,#2797,#2798));
#469=EDGE_LOOP('',(#2799,#2800,#2801,#2802));
#470=EDGE_LOOP('',(#2803,#2804,#2805,#2806));
#471=EDGE_LOOP('',(#2807,#2808,#2809,#2810,#2811,#2812));
#472=EDGE_LOOP('',(#2813,#2814,#2815,#2816));
#473=EDGE_LOOP('',(#2817,#2818,#2819,#2820));
#474=EDGE_LOOP('',(#2821,#2822,#2823,#2824));
#475=EDGE_LOOP('',(#2825,#2826,#2827,#2828));
#476=EDGE_LOOP('',(#2829,#2830,#2831,#2832));
#477=EDGE_LOOP('',(#2833,#2834,#2835,#2836));
#478=EDGE_LOOP('',(#2837,#2838,#2839,#2840));
#479=EDGE_LOOP('',(#2841,#2842,#2843,#2844));
#480=EDGE_LOOP('',(#2845,#2846,#2847,#2848,#2849));
#481=EDGE_LOOP('',(#2850,#2851,#2852,#2853,#2854,#2855,#2856,#2857,#2858,
#2859));
#482=EDGE_LOOP('',(#2860));
#483=EDGE_LOOP('',(#2861));
#484=EDGE_LOOP('',(#2862));
#485=EDGE_LOOP('',(#2863));
#486=EDGE_LOOP('',(#2864,#2865,#2866,#2867));
#487=EDGE_LOOP('',(#2868,#2869,#2870,#2871));
#488=EDGE_LOOP('',(#2872,#2873,#2874,#2875));
#489=EDGE_LOOP('',(#2876,#2877,#2878,#2879,#2880));
#490=EDGE_LOOP('',(#2881,#2882,#2883,#2884,#2885,#2886,#2887,#2888));
#491=EDGE_LOOP('',(#2889,#2890,#2891,#2892,#2893,#2894,#2895,#2896));
#492=EDGE_LOOP('',(#2897,#2898,#2899,#2900,#2901,#2902,#2903,#2904,#2905,
#2906,#2907,#2908));
#493=EDGE_LOOP('',(#2909));
#494=EDGE_LOOP('',(#2910));
#495=EDGE_LOOP('',(#2911));
#496=EDGE_LOOP('',(#2912));
#497=CIRCLE('',#3212,5.199999678834);
#498=CIRCLE('',#3213,3.6);
#499=CIRCLE('',#3214,3.6);
#500=CIRCLE('',#3215,5.19999967883401);
#501=CIRCLE('',#3216,4.1);
#502=CIRCLE('',#3217,4.1);
#503=CIRCLE('',#3221,3.);
#504=CIRCLE('',#3222,3.);
#505=CIRCLE('',#3225,3.);
#506=CIRCLE('',#3226,3.);
#507=CIRCLE('',#3229,8.19999967883403);
#508=CIRCLE('',#3230,8.19999967883402);
#509=CIRCLE('',#3231,8.199999678834);
#510=CIRCLE('',#3232,8.199999678834);
#511=CIRCLE('',#3233,6.799999678834);
#512=CIRCLE('',#3234,6.799999678834);
#513=CIRCLE('',#3235,6.79999967883402);
#514=CIRCLE('',#3236,6.79999967883402);
#515=CIRCLE('',#3238,6.79999967883402);
#516=CIRCLE('',#3241,6.79999967883402);
#517=CIRCLE('',#3244,6.799999678834);
#518=CIRCLE('',#3247,6.799999678834);
#519=CIRCLE('',#3250,5.19999967883401);
#520=CIRCLE('',#3251,5.19999967883398);
#521=CIRCLE('',#3252,5.19999967883401);
#522=CIRCLE('',#3253,5.199999678834);
#523=CIRCLE('',#3258,8.19999967883401);
#524=CIRCLE('',#3260,8.19999967883398);
#525=CIRCLE('',#3262,5.199999678834);
#526=CIRCLE('',#3265,5.19999967883398);
#527=CIRCLE('',#3267,5.19999967883401);
#528=CIRCLE('',#3271,4.1);
#529=CIRCLE('',#3273,1.09999999999999);
#530=CIRCLE('',#3276,4.1);
#531=CIRCLE('',#3280,1.1);
#532=CIRCLE('',#3282,3.6);
#533=CIRCLE('',#3283,3.6);
#534=CIRCLE('',#3284,5.19999967883401);
#535=CIRCLE('',#3285,1.1);
#536=CIRCLE('',#3286,1.1);
#537=CIRCLE('',#3294,2.2);
#538=CIRCLE('',#3295,1.1);
#539=CIRCLE('',#3297,2.2);
#540=CIRCLE('',#3300,2.2);
#541=CIRCLE('',#3301,1.1);
#542=CIRCLE('',#3303,2.2);
#543=CIRCLE('',#3306,2.2);
#544=CIRCLE('',#3307,1.1);
#545=CIRCLE('',#3309,2.2);
#546=CIRCLE('',#3312,2.2);
#547=CIRCLE('',#3313,1.1);
#548=CIRCLE('',#3315,2.2);
#549=CIRCLE('',#3319,8.19999967883401);
#550=CIRCLE('',#3322,8.199999678834);
#551=CIRCLE('',#3327,5.199999678834);
#552=CIRCLE('',#3328,3.1);
#553=CIRCLE('',#3329,3.1);
#554=CIRCLE('',#3330,5.19999967883401);
#555=CIRCLE('',#3331,3.1);
#556=CIRCLE('',#3332,3.1);
#557=CIRCLE('',#3333,8.29999999999945);
#558=CIRCLE('',#3334,8.3000000000255);
#559=CIRCLE('',#3335,8.30000000001158);
#560=CIRCLE('',#3336,8.29999999998419);
#561=CIRCLE('',#3340,3.);
#562=CIRCLE('',#3341,3.);
#563=CIRCLE('',#3344,2.99999999999999);
#564=CIRCLE('',#3345,2.99999999999999);
#565=CIRCLE('',#3347,6.59999967883401);
#566=CIRCLE('',#3348,6.59999967883401);
#567=CIRCLE('',#3351,6.59999967883401);
#568=CIRCLE('',#3352,6.59999967883401);
#569=CIRCLE('',#3355,6.59999967883401);
#570=CIRCLE('',#3356,6.59999967883401);
#571=CIRCLE('',#3359,6.599999678834);
#572=CIRCLE('',#3360,6.599999678834);
#573=CIRCLE('',#3362,8.19999967883398);
#574=CIRCLE('',#3363,8.19999967883401);
#575=CIRCLE('',#3364,8.199999678834);
#576=CIRCLE('',#3365,8.19999967883401);
#577=CIRCLE('',#3368,8.19999967883401);
#578=CIRCLE('',#3371,8.19999967883398);
#579=CIRCLE('',#3374,8.19999967883401);
#580=CIRCLE('',#3377,1.1);
#581=CIRCLE('',#3382,3.1);
#582=CIRCLE('',#3384,1.1);
#583=CIRCLE('',#3386,1.1);
#584=CIRCLE('',#3391,3.1);
#585=CIRCLE('',#3393,1.1);
#586=CIRCLE('',#3395,1.1);
#587=CIRCLE('',#3397,1.1);
#588=CIRCLE('',#3399,5.199999678834);
#589=CIRCLE('',#3400,3.1);
#590=CIRCLE('',#3401,3.1);
#591=CIRCLE('',#3402,5.19999967883401);
#592=CIRCLE('',#3403,1.1);
#593=CIRCLE('',#3404,1.1);
#594=CIRCLE('',#3405,1.1);
#595=CIRCLE('',#3406,1.1);
#596=CIRCLE('',#3413,1.1);
#597=CIRCLE('',#3415,1.1);
#598=CIRCLE('',#3417,1.1);
#599=CIRCLE('',#3419,1.1);
#600=CIRCLE('',#3421,1.1);
#601=CIRCLE('',#3423,1.1);
#602=CIRCLE('',#3457,8.199999678834);
#603=CIRCLE('',#3462,6.29999999999944);
#604=CIRCLE('',#3463,6.2999999999965);
#605=CIRCLE('',#3464,6.29999999999944);
#606=CIRCLE('',#3467,6.3000000000255);
#607=CIRCLE('',#3468,6.3000000000255);
#608=CIRCLE('',#3472,8.3000000000255);
#609=CIRCLE('',#3475,8.29999999999945);
#610=CIRCLE('',#3483,1.1);
#611=CIRCLE('',#3484,1.1);
#612=CIRCLE('',#3486,1.1);
#613=CIRCLE('',#3487,1.1);
#614=CIRCLE('',#3489,1.1);
#615=CIRCLE('',#3490,1.1);
#616=CIRCLE('',#3492,1.1);
#617=CIRCLE('',#3493,1.1);
#618=CIRCLE('',#3495,6.30000000001158);
#619=CIRCLE('',#3496,6.30000000001158);
#620=CIRCLE('',#3499,6.29999999998419);
#621=CIRCLE('',#3500,6.29999999998419);
#622=CIRCLE('',#3504,8.30000000001158);
#623=CIRCLE('',#3507,8.29999999998419);
#624=LINE('',#4442,#946);
#625=LINE('',#4444,#947);
#626=LINE('',#4448,#948);
#627=LINE('',#4452,#949);
#628=LINE('',#4456,#950);
#629=LINE('',#4460,#951);
#630=LINE('',#4462,#952);
#631=LINE('',#4466,#953);
#632=LINE('',#4468,#954);
#633=LINE('',#4470,#955);
#634=LINE('',#4475,#956);
#635=LINE('',#4477,#957);
#636=LINE('',#4479,#958);
#637=LINE('',#4480,#959);
#638=LINE('',#4484,#960);
#639=LINE('',#4486,#961);
#640=LINE('',#4488,#962);
#641=LINE('',#4489,#963);
#642=LINE('',#4495,#964);
#643=LINE('',#4498,#965);
#644=LINE('',#4500,#966);
#645=LINE('',#4501,#967);
#646=LINE('',#4507,#968);
#647=LINE('',#4509,#969);
#648=LINE('',#4511,#970);
#649=LINE('',#4513,#971);
#650=LINE('',#4514,#972);
#651=LINE('',#4519,#973);
#652=LINE('',#4523,#974);
#653=LINE('',#4527,#975);
#654=LINE('',#4530,#976);
#655=LINE('',#4534,#977);
#656=LINE('',#4538,#978);
#657=LINE('',#4542,#979);
#658=LINE('',#4545,#980);
#659=LINE('',#4550,#981);
#660=LINE('',#4551,#982);
#661=LINE('',#4554,#983);
#662=LINE('',#4555,#984);
#663=LINE('',#4559,#985);
#664=LINE('',#4562,#986);
#665=LINE('',#4563,#987);
#666=LINE('',#4567,#988);
#667=LINE('',#4570,#989);
#668=LINE('',#4571,#990);
#669=LINE('',#4575,#991);
#670=LINE('',#4577,#992);
#671=LINE('',#4581,#993);
#672=LINE('',#4585,#994);
#673=LINE('',#4589,#995);
#674=LINE('',#4593,#996);
#675=LINE('',#4597,#997);
#676=LINE('',#4599,#998);
#677=LINE('',#4600,#999);
#678=LINE('',#4601,#1000);
#679=LINE('',#4604,#1001);
#680=LINE('',#4606,#1002);
#681=LINE('',#4607,#1003);
#682=LINE('',#4609,#1004);
#683=LINE('',#4611,#1005);
#684=LINE('',#4612,#1006);
#685=LINE('',#4615,#1007);
#686=LINE('',#4617,#1008);
#687=LINE('',#4618,#1009);
#688=LINE('',#4623,#1010);
#689=LINE('',#4627,#1011);
#690=LINE('',#4630,#1012);
#691=LINE('',#4631,#1013);
#692=LINE('',#4634,#1014);
#693=LINE('',#4635,#1015);
#694=LINE('',#4640,#1016);
#695=LINE('',#4644,#1017);
#696=LINE('',#4646,#1018);
#697=LINE('',#4647,#1019);
#698=LINE('',#4650,#1020);
#699=LINE('',#4651,#1021);
#700=LINE('',#4655,#1022);
#701=LINE('',#4661,#1023);
#702=LINE('',#4664,#1024);
#703=LINE('',#4666,#1025);
#704=LINE('',#4668,#1026);
#705=LINE('',#4677,#1027);
#706=LINE('',#4680,#1028);
#707=LINE('',#4683,#1029);
#708=LINE('',#4689,#1030);
#709=LINE('',#4690,#1031);
#710=LINE('',#4692,#1032);
#711=LINE('',#4694,#1033);
#712=LINE('',#4696,#1034);
#713=LINE('',#4707,#1035);
#714=LINE('',#4709,#1036);
#715=LINE('',#4718,#1037);
#716=LINE('',#4720,#1038);
#717=LINE('',#4729,#1039);
#718=LINE('',#4731,#1040);
#719=LINE('',#4740,#1041);
#720=LINE('',#4742,#1042);
#721=LINE('',#4745,#1043);
#722=LINE('',#4746,#1044);
#723=LINE('',#4749,#1045);
#724=LINE('',#4753,#1046);
#725=LINE('',#4754,#1047);
#726=LINE('',#4761,#1048);
#727=LINE('',#4763,#1049);
#728=LINE('',#4765,#1050);
#729=LINE('',#4766,#1051);
#730=LINE('',#4770,#1052);
#731=LINE('',#4772,#1053);
#732=LINE('',#4774,#1054);
#733=LINE('',#4775,#1055);
#734=LINE('',#4779,#1056);
#735=LINE('',#4783,#1057);
#736=LINE('',#4785,#1058);
#737=LINE('',#4789,#1059);
#738=LINE('',#4791,#1060);
#739=LINE('',#4793,#1061);
#740=LINE('',#4797,#1062);
#741=LINE('',#4799,#1063);
#742=LINE('',#4803,#1064);
#743=LINE('',#4807,#1065);
#744=LINE('',#4811,#1066);
#745=LINE('',#4815,#1067);
#746=LINE('',#4819,#1068);
#747=LINE('',#4823,#1069);
#748=LINE('',#4827,#1070);
#749=LINE('',#4829,#1071);
#750=LINE('',#4831,#1072);
#751=LINE('',#4833,#1073);
#752=LINE('',#4834,#1074);
#753=LINE('',#4837,#1075);
#754=LINE('',#4839,#1076);
#755=LINE('',#4841,#1077);
#756=LINE('',#4843,#1078);
#757=LINE('',#4844,#1079);
#758=LINE('',#4849,#1080);
#759=LINE('',#4853,#1081);
#760=LINE('',#4855,#1082);
#761=LINE('',#4856,#1083);
#762=LINE('',#4864,#1084);
#763=LINE('',#4868,#1085);
#764=LINE('',#4870,#1086);
#765=LINE('',#4871,#1087);
#766=LINE('',#4876,#1088);
#767=LINE('',#4880,#1089);
#768=LINE('',#4882,#1090);
#769=LINE('',#4883,#1091);
#770=LINE('',#4888,#1092);
#771=LINE('',#4892,#1093);
#772=LINE('',#4894,#1094);
#773=LINE('',#4895,#1095);
#774=LINE('',#4901,#1096);
#775=LINE('',#4905,#1097);
#776=LINE('',#4909,#1098);
#777=LINE('',#4913,#1099);
#778=LINE('',#4916,#1100);
#779=LINE('',#4919,#1101);
#780=LINE('',#4921,#1102);
#781=LINE('',#4922,#1103);
#782=LINE('',#4925,#1104);
#783=LINE('',#4929,#1105);
#784=LINE('',#4930,#1106);
#785=LINE('',#4933,#1107);
#786=LINE('',#4937,#1108);
#787=LINE('',#4938,#1109);
#788=LINE('',#4941,#1110);
#789=LINE('',#4945,#1111);
#790=LINE('',#4946,#1112);
#791=LINE('',#4952,#1113);
#792=LINE('',#4953,#1114);
#793=LINE('',#4955,#1115);
#794=LINE('',#4956,#1116);
#795=LINE('',#4959,#1117);
#796=LINE('',#4961,#1118);
#797=LINE('',#4962,#1119);
#798=LINE('',#4965,#1120);
#799=LINE('',#4966,#1121);
#800=LINE('',#4972,#1122);
#801=LINE('',#4979,#1123);
#802=LINE('',#4980,#1124);
#803=LINE('',#4981,#1125);
#804=LINE('',#4984,#1126);
#805=LINE('',#4985,#1127);
#806=LINE('',#4988,#1128);
#807=LINE('',#4989,#1129);
#808=LINE('',#4995,#1130);
#809=LINE('',#5004,#1131);
#810=LINE('',#5008,#1132);
#811=LINE('',#5012,#1133);
#812=LINE('',#5016,#1134);
#813=LINE('',#5027,#1135);
#814=LINE('',#5028,#1136);
#815=LINE('',#5030,#1137);
#816=LINE('',#5031,#1138);
#817=LINE('',#5033,#1139);
#818=LINE('',#5035,#1140);
#819=LINE('',#5040,#1141);
#820=LINE('',#5044,#1142);
#821=LINE('',#5047,#1143);
#822=LINE('',#5051,#1144);
#823=LINE('',#5055,#1145);
#824=LINE('',#5059,#1146);
#825=LINE('',#5064,#1147);
#826=LINE('',#5066,#1148);
#827=LINE('',#5068,#1149);
#828=LINE('',#5070,#1150);
#829=LINE('',#5072,#1151);
#830=LINE('',#5073,#1152);
#831=LINE('',#5077,#1153);
#832=LINE('',#5079,#1154);
#833=LINE('',#5081,#1155);
#834=LINE('',#5083,#1156);
#835=LINE('',#5085,#1157);
#836=LINE('',#5086,#1158);
#837=LINE('',#5088,#1159);
#838=LINE('',#5089,#1160);
#839=LINE('',#5091,#1161);
#840=LINE('',#5093,#1162);
#841=LINE('',#5095,#1163);
#842=LINE('',#5097,#1164);
#843=LINE('',#5102,#1165);
#844=LINE('',#5104,#1166);
#845=LINE('',#5106,#1167);
#846=LINE('',#5108,#1168);
#847=LINE('',#5110,#1169);
#848=LINE('',#5111,#1170);
#849=LINE('',#5115,#1171);
#850=LINE('',#5117,#1172);
#851=LINE('',#5119,#1173);
#852=LINE('',#5121,#1174);
#853=LINE('',#5123,#1175);
#854=LINE('',#5124,#1176);
#855=LINE('',#5126,#1177);
#856=LINE('',#5127,#1178);
#857=LINE('',#5129,#1179);
#858=LINE('',#5131,#1180);
#859=LINE('',#5133,#1181);
#860=LINE('',#5135,#1182);
#861=LINE('',#5140,#1183);
#862=LINE('',#5142,#1184);
#863=LINE('',#5144,#1185);
#864=LINE('',#5146,#1186);
#865=LINE('',#5148,#1187);
#866=LINE('',#5149,#1188);
#867=LINE('',#5153,#1189);
#868=LINE('',#5155,#1190);
#869=LINE('',#5157,#1191);
#870=LINE('',#5159,#1192);
#871=LINE('',#5161,#1193);
#872=LINE('',#5162,#1194);
#873=LINE('',#5164,#1195);
#874=LINE('',#5165,#1196);
#875=LINE('',#5167,#1197);
#876=LINE('',#5169,#1198);
#877=LINE('',#5171,#1199);
#878=LINE('',#5173,#1200);
#879=LINE('',#5178,#1201);
#880=LINE('',#5180,#1202);
#881=LINE('',#5182,#1203);
#882=LINE('',#5184,#1204);
#883=LINE('',#5186,#1205);
#884=LINE('',#5187,#1206);
#885=LINE('',#5191,#1207);
#886=LINE('',#5193,#1208);
#887=LINE('',#5195,#1209);
#888=LINE('',#5197,#1210);
#889=LINE('',#5199,#1211);
#890=LINE('',#5200,#1212);
#891=LINE('',#5202,#1213);
#892=LINE('',#5203,#1214);
#893=LINE('',#5205,#1215);
#894=LINE('',#5207,#1216);
#895=LINE('',#5209,#1217);
#896=LINE('',#5211,#1218);
#897=LINE('',#5216,#1219);
#898=LINE('',#5222,#1220);
#899=LINE('',#5226,#1221);
#900=LINE('',#5230,#1222);
#901=LINE('',#5232,#1223);
#902=LINE('',#5237,#1224);
#903=LINE('',#5238,#1225);
#904=LINE('',#5239,#1226);
#905=LINE('',#5243,#1227);
#906=LINE('',#5249,#1228);
#907=LINE('',#5250,#1229);
#908=LINE('',#5251,#1230);
#909=LINE('',#5254,#1231);
#910=LINE('',#5256,#1232);
#911=LINE('',#5257,#1233);
#912=LINE('',#5260,#1234);
#913=LINE('',#5264,#1235);
#914=LINE('',#5265,#1236);
#915=LINE('',#5268,#1237);
#916=LINE('',#5270,#1238);
#917=LINE('',#5274,#1239);
#918=LINE('',#5276,#1240);
#919=LINE('',#5277,#1241);
#920=LINE('',#5280,#1242);
#921=LINE('',#5282,#1243);
#922=LINE('',#5283,#1244);
#923=LINE('',#5285,#1245);
#924=LINE('',#5286,#1246);
#925=LINE('',#5290,#1247);
#926=LINE('',#5291,#1248);
#927=LINE('',#5293,#1249);
#928=LINE('',#5295,#1250);
#929=LINE('',#5296,#1251);
#930=LINE('',#5298,#1252);
#931=LINE('',#5299,#1253);
#932=LINE('',#5302,#1254);
#933=LINE('',#5303,#1255);
#934=LINE('',#5308,#1256);
#935=LINE('',#5314,#1257);
#936=LINE('',#5320,#1258);
#937=LINE('',#5326,#1259);
#938=LINE('',#5331,#1260);
#939=LINE('',#5337,#1261);
#940=LINE('',#5338,#1262);
#941=LINE('',#5339,#1263);
#942=LINE('',#5345,#1264);
#943=LINE('',#5349,#1265);
#944=LINE('',#5352,#1266);
#945=LINE('',#5353,#1267);
#946=VECTOR('',#3517,10.);
#947=VECTOR('',#3518,10.);
#948=VECTOR('',#3521,10.);
#949=VECTOR('',#3524,10.);
#950=VECTOR('',#3527,10.);
#951=VECTOR('',#3530,10.);
#952=VECTOR('',#3531,10.);
#953=VECTOR('',#3534,10.);
#954=VECTOR('',#3535,10.);
#955=VECTOR('',#3536,10.);
#956=VECTOR('',#3541,10.);
#957=VECTOR('',#3542,10.);
#958=VECTOR('',#3543,10.);
#959=VECTOR('',#3544,10.);
#960=VECTOR('',#3547,10.);
#961=VECTOR('',#3548,10.);
#962=VECTOR('',#3549,10.);
#963=VECTOR('',#3550,10.);
#964=VECTOR('',#3557,10.);
#965=VECTOR('',#3560,10.);
#966=VECTOR('',#3561,10.);
#967=VECTOR('',#3562,10.);
#968=VECTOR('',#3571,10.);
#969=VECTOR('',#3572,10.);
#970=VECTOR('',#3573,10.);
#971=VECTOR('',#3574,10.);
#972=VECTOR('',#3575,10.);
#973=VECTOR('',#3580,10.);
#974=VECTOR('',#3583,10.);
#975=VECTOR('',#3586,10.);
#976=VECTOR('',#3589,10.);
#977=VECTOR('',#3592,10.);
#978=VECTOR('',#3595,10.);
#979=VECTOR('',#3598,10.);
#980=VECTOR('',#3601,10.);
#981=VECTOR('',#3606,10.);
#982=VECTOR('',#3607,10.);
#983=VECTOR('',#3610,10.);
#984=VECTOR('',#3611,10.);
#985=VECTOR('',#3616,10.);
#986=VECTOR('',#3619,10.);
#987=VECTOR('',#3620,10.);
#988=VECTOR('',#3625,10.);
#989=VECTOR('',#3628,10.);
#990=VECTOR('',#3629,10.);
#991=VECTOR('',#3634,10.);
#992=VECTOR('',#3637,10.);
#993=VECTOR('',#3640,10.);
#994=VECTOR('',#3643,10.);
#995=VECTOR('',#3646,10.);
#996=VECTOR('',#3649,10.);
#997=VECTOR('',#3654,10.);
#998=VECTOR('',#3655,10.);
#999=VECTOR('',#3656,10.);
#1000=VECTOR('',#3657,10.);
#1001=VECTOR('',#3660,10.);
#1002=VECTOR('',#3661,10.);
#1003=VECTOR('',#3662,10.);
#1004=VECTOR('',#3663,10.);
#1005=VECTOR('',#3664,10.);
#1006=VECTOR('',#3665,10.);
#1007=VECTOR('',#3668,10.);
#1008=VECTOR('',#3669,10.);
#1009=VECTOR('',#3670,10.);
#1010=VECTOR('',#3677,10.);
#1011=VECTOR('',#3682,10.);
#1012=VECTOR('',#3685,10.);
#1013=VECTOR('',#3686,10.);
#1014=VECTOR('',#3689,10.);
#1015=VECTOR('',#3690,10.);
#1016=VECTOR('',#3697,10.);
#1017=VECTOR('',#3702,10.);
#1018=VECTOR('',#3703,10.);
#1019=VECTOR('',#3704,10.);
#1020=VECTOR('',#3707,10.);
#1021=VECTOR('',#3708,10.);
#1022=VECTOR('',#3715,10.);
#1023=VECTOR('',#3722,10.);
#1024=VECTOR('',#3725,10.);
#1025=VECTOR('',#3728,10.);
#1026=VECTOR('',#3731,10.);
#1027=VECTOR('',#3740,10.);
#1028=VECTOR('',#3743,10.);
#1029=VECTOR('',#3746,10.);
#1030=VECTOR('',#3753,10.);
#1031=VECTOR('',#3754,10.);
#1032=VECTOR('',#3757,10.);
#1033=VECTOR('',#3760,10.);
#1034=VECTOR('',#3763,10.);
#1035=VECTOR('',#3778,2.2);
#1036=VECTOR('',#3781,1.1);
#1037=VECTOR('',#3792,2.2);
#1038=VECTOR('',#3795,1.1);
#1039=VECTOR('',#3806,2.2);
#1040=VECTOR('',#3809,1.1);
#1041=VECTOR('',#3820,2.2);
#1042=VECTOR('',#3823,1.1);
#1043=VECTOR('',#3826,10.);
#1044=VECTOR('',#3827,10.);
#1045=VECTOR('',#3830,10.);
#1046=VECTOR('',#3835,10.);
#1047=VECTOR('',#3836,10.);
#1048=VECTOR('',#3845,10.);
#1049=VECTOR('',#3846,10.);
#1050=VECTOR('',#3847,10.);
#1051=VECTOR('',#3848,10.);
#1052=VECTOR('',#3851,10.);
#1053=VECTOR('',#3852,10.);
#1054=VECTOR('',#3853,10.);
#1055=VECTOR('',#3854,10.);
#1056=VECTOR('',#3857,10.);
#1057=VECTOR('',#3860,10.);
#1058=VECTOR('',#3861,10.);
#1059=VECTOR('',#3864,10.);
#1060=VECTOR('',#3865,10.);
#1061=VECTOR('',#3866,10.);
#1062=VECTOR('',#3869,10.);
#1063=VECTOR('',#3870,10.);
#1064=VECTOR('',#3873,10.);
#1065=VECTOR('',#3876,10.);
#1066=VECTOR('',#3879,10.);
#1067=VECTOR('',#3882,10.);
#1068=VECTOR('',#3885,10.);
#1069=VECTOR('',#3888,10.);
#1070=VECTOR('',#3893,10.);
#1071=VECTOR('',#3894,10.);
#1072=VECTOR('',#3895,10.);
#1073=VECTOR('',#3896,10.);
#1074=VECTOR('',#3897,10.);
#1075=VECTOR('',#3900,10.);
#1076=VECTOR('',#3901,10.);
#1077=VECTOR('',#3902,10.);
#1078=VECTOR('',#3903,10.);
#1079=VECTOR('',#3904,10.);
#1080=VECTOR('',#3909,10.);
#1081=VECTOR('',#3914,10.);
#1082=VECTOR('',#3915,10.);
#1083=VECTOR('',#3916,10.);
#1084=VECTOR('',#3927,10.);
#1085=VECTOR('',#3932,10.);
#1086=VECTOR('',#3933,10.);
#1087=VECTOR('',#3934,10.);
#1088=VECTOR('',#3939,10.);
#1089=VECTOR('',#3944,10.);
#1090=VECTOR('',#3945,10.);
#1091=VECTOR('',#3946,10.);
#1092=VECTOR('',#3951,10.);
#1093=VECTOR('',#3956,10.);
#1094=VECTOR('',#3957,10.);
#1095=VECTOR('',#3958,10.);
#1096=VECTOR('',#3967,10.);
#1097=VECTOR('',#3970,10.);
#1098=VECTOR('',#3973,10.);
#1099=VECTOR('',#3976,10.);
#1100=VECTOR('',#3979,10.);
#1101=VECTOR('',#3982,10.);
#1102=VECTOR('',#3983,10.);
#1103=VECTOR('',#3984,10.);
#1104=VECTOR('',#3987,10.);
#1105=VECTOR('',#3992,10.);
#1106=VECTOR('',#3993,10.);
#1107=VECTOR('',#3996,10.);
#1108=VECTOR('',#4001,10.);
#1109=VECTOR('',#4002,10.);
#1110=VECTOR('',#4005,10.);
#1111=VECTOR('',#4010,10.);
#1112=VECTOR('',#4011,10.);
#1113=VECTOR('',#4018,10.);
#1114=VECTOR('',#4019,10.);
#1115=VECTOR('',#4020,10.);
#1116=VECTOR('',#4021,10.);
#1117=VECTOR('',#4024,10.);
#1118=VECTOR('',#4025,10.);
#1119=VECTOR('',#4026,10.);
#1120=VECTOR('',#4029,10.);
#1121=VECTOR('',#4030,10.);
#1122=VECTOR('',#4039,1.1);
#1123=VECTOR('',#4046,10.);
#1124=VECTOR('',#4047,10.);
#1125=VECTOR('',#4048,10.);
#1126=VECTOR('',#4051,10.);
#1127=VECTOR('',#4052,10.);
#1128=VECTOR('',#4055,10.);
#1129=VECTOR('',#4056,10.);
#1130=VECTOR('',#4065,1.1);
#1131=VECTOR('',#4076,10.);
#1132=VECTOR('',#4079,10.);
#1133=VECTOR('',#4082,10.);
#1134=VECTOR('',#4085,10.);
#1135=VECTOR('',#4098,10.);
#1136=VECTOR('',#4099,10.);
#1137=VECTOR('',#4102,10.);
#1138=VECTOR('',#4103,10.);
#1139=VECTOR('',#4106,10.);
#1140=VECTOR('',#4109,10.);
#1141=VECTOR('',#4116,1.1);
#1142=VECTOR('',#4121,1.1);
#1143=VECTOR('',#4124,1.1);
#1144=VECTOR('',#4129,1.1);
#1145=VECTOR('',#4134,1.1);
#1146=VECTOR('',#4139,1.1);
#1147=VECTOR('',#4144,10.);
#1148=VECTOR('',#4145,10.);
#1149=VECTOR('',#4146,10.);
#1150=VECTOR('',#4147,10.);
#1151=VECTOR('',#4148,10.);
#1152=VECTOR('',#4149,10.);
#1153=VECTOR('',#4152,10.);
#1154=VECTOR('',#4153,10.);
#1155=VECTOR('',#4154,10.);
#1156=VECTOR('',#4155,10.);
#1157=VECTOR('',#4156,10.);
#1158=VECTOR('',#4157,10.);
#1159=VECTOR('',#4160,10.);
#1160=VECTOR('',#4161,10.);
#1161=VECTOR('',#4164,10.);
#1162=VECTOR('',#4167,10.);
#1163=VECTOR('',#4170,10.);
#1164=VECTOR('',#4173,10.);
#1165=VECTOR('',#4178,10.);
#1166=VECTOR('',#4179,10.);
#1167=VECTOR('',#4180,10.);
#1168=VECTOR('',#4181,10.);
#1169=VECTOR('',#4182,10.);
#1170=VECTOR('',#4183,10.);
#1171=VECTOR('',#4186,10.);
#1172=VECTOR('',#4187,10.);
#1173=VECTOR('',#4188,10.);
#1174=VECTOR('',#4189,10.);
#1175=VECTOR('',#4190,10.);
#1176=VECTOR('',#4191,10.);
#1177=VECTOR('',#4194,10.);
#1178=VECTOR('',#4195,10.);
#1179=VECTOR('',#4198,10.);
#1180=VECTOR('',#4201,10.);
#1181=VECTOR('',#4204,10.);
#1182=VECTOR('',#4207,10.);
#1183=VECTOR('',#4212,10.);
#1184=VECTOR('',#4213,10.);
#1185=VECTOR('',#4214,10.);
#1186=VECTOR('',#4215,10.);
#1187=VECTOR('',#4216,10.);
#1188=VECTOR('',#4217,10.);
#1189=VECTOR('',#4220,10.);
#1190=VECTOR('',#4221,10.);
#1191=VECTOR('',#4222,10.);
#1192=VECTOR('',#4223,10.);
#1193=VECTOR('',#4224,10.);
#1194=VECTOR('',#4225,10.);
#1195=VECTOR('',#4228,10.);
#1196=VECTOR('',#4229,10.);
#1197=VECTOR('',#4232,10.);
#1198=VECTOR('',#4235,10.);
#1199=VECTOR('',#4238,10.);
#1200=VECTOR('',#4241,10.);
#1201=VECTOR('',#4246,10.);
#1202=VECTOR('',#4247,10.);
#1203=VECTOR('',#4248,10.);
#1204=VECTOR('',#4249,10.);
#1205=VECTOR('',#4250,10.);
#1206=VECTOR('',#4251,10.);
#1207=VECTOR('',#4254,10.);
#1208=VECTOR('',#4255,10.);
#1209=VECTOR('',#4256,10.);
#1210=VECTOR('',#4257,10.);
#1211=VECTOR('',#4258,10.);
#1212=VECTOR('',#4259,10.);
#1213=VECTOR('',#4262,10.);
#1214=VECTOR('',#4263,10.);
#1215=VECTOR('',#4266,10.);
#1216=VECTOR('',#4269,10.);
#1217=VECTOR('',#4272,10.);
#1218=VECTOR('',#4275,10.);
#1219=VECTOR('',#4284,10.);
#1220=VECTOR('',#4291,10.);
#1221=VECTOR('',#4294,10.);
#1222=VECTOR('',#4297,10.);
#1223=VECTOR('',#4298,10.);
#1224=VECTOR('',#4303,10.);
#1225=VECTOR('',#4304,10.);
#1226=VECTOR('',#4305,10.);
#1227=VECTOR('',#4308,10.);
#1228=VECTOR('',#4315,10.);
#1229=VECTOR('',#4316,10.);
#1230=VECTOR('',#4317,10.);
#1231=VECTOR('',#4320,10.);
#1232=VECTOR('',#4321,10.);
#1233=VECTOR('',#4322,10.);
#1234=VECTOR('',#4325,10.);
#1235=VECTOR('',#4330,10.);
#1236=VECTOR('',#4331,10.);
#1237=VECTOR('',#4334,10.);
#1238=VECTOR('',#4335,10.);
#1239=VECTOR('',#4340,10.);
#1240=VECTOR('',#4341,10.);
#1241=VECTOR('',#4342,10.);
#1242=VECTOR('',#4345,10.);
#1243=VECTOR('',#4346,10.);
#1244=VECTOR('',#4347,10.);
#1245=VECTOR('',#4350,10.);
#1246=VECTOR('',#4351,10.);
#1247=VECTOR('',#4354,10.);
#1248=VECTOR('',#4355,10.);
#1249=VECTOR('',#4356,10.);
#1250=VECTOR('',#4357,10.);
#1251=VECTOR('',#4358,10.);
#1252=VECTOR('',#4361,10.);
#1253=VECTOR('',#4362,10.);
#1254=VECTOR('',#4365,10.);
#1255=VECTOR('',#4366,10.);
#1256=VECTOR('',#4371,1.1);
#1257=VECTOR('',#4378,1.1);
#1258=VECTOR('',#4385,1.1);
#1259=VECTOR('',#4392,1.1);
#1260=VECTOR('',#4397,10.);
#1261=VECTOR('',#4404,10.);
#1262=VECTOR('',#4405,10.);
#1263=VECTOR('',#4406,10.);
#1264=VECTOR('',#4417,10.);
#1265=VECTOR('',#4422,10.);
#1266=VECTOR('',#4425,10.);
#1267=VECTOR('',#4426,10.);
#1268=VERTEX_POINT('',#4440);
#1269=VERTEX_POINT('',#4441);
#1270=VERTEX_POINT('',#4443);
#1271=VERTEX_POINT('',#4445);
#1272=VERTEX_POINT('',#4447);
#1273=VERTEX_POINT('',#4449);
#1274=VERTEX_POINT('',#4451);
#1275=VERTEX_POINT('',#4453);
#1276=VERTEX_POINT('',#4455);
#1277=VERTEX_POINT('',#4457);
#1278=VERTEX_POINT('',#4459);
#1279=VERTEX_POINT('',#4461);
#1280=VERTEX_POINT('',#4463);
#1281=VERTEX_POINT('',#4465);
#1282=VERTEX_POINT('',#4467);
#1283=VERTEX_POINT('',#4469);
#1284=VERTEX_POINT('',#4473);
#1285=VERTEX_POINT('',#4474);
#1286=VERTEX_POINT('',#4476);
#1287=VERTEX_POINT('',#4478);
#1288=VERTEX_POINT('',#4482);
#1289=VERTEX_POINT('',#4483);
#1290=VERTEX_POINT('',#4485);
#1291=VERTEX_POINT('',#4487);
#1292=VERTEX_POINT('',#4491);
#1293=VERTEX_POINT('',#4493);
#1294=VERTEX_POINT('',#4497);
#1295=VERTEX_POINT('',#4499);
#1296=VERTEX_POINT('',#4506);
#1297=VERTEX_POINT('',#4508);
#1298=VERTEX_POINT('',#4510);
#1299=VERTEX_POINT('',#4512);
#1300=VERTEX_POINT('',#4516);
#1301=VERTEX_POINT('',#4518);
#1302=VERTEX_POINT('',#4520);
#1303=VERTEX_POINT('',#4522);
#1304=VERTEX_POINT('',#4524);
#1305=VERTEX_POINT('',#4526);
#1306=VERTEX_POINT('',#4529);
#1307=VERTEX_POINT('',#4531);
#1308=VERTEX_POINT('',#4533);
#1309=VERTEX_POINT('',#4535);
#1310=VERTEX_POINT('',#4537);
#1311=VERTEX_POINT('',#4539);
#1312=VERTEX_POINT('',#4541);
#1313=VERTEX_POINT('',#4543);
#1314=VERTEX_POINT('',#4547);
#1315=VERTEX_POINT('',#4548);
#1316=VERTEX_POINT('',#4553);
#1317=VERTEX_POINT('',#4557);
#1318=VERTEX_POINT('',#4561);
#1319=VERTEX_POINT('',#4565);
#1320=VERTEX_POINT('',#4569);
#1321=VERTEX_POINT('',#4573);
#1322=VERTEX_POINT('',#4579);
#1323=VERTEX_POINT('',#4580);
#1324=VERTEX_POINT('',#4582);
#1325=VERTEX_POINT('',#4584);
#1326=VERTEX_POINT('',#4586);
#1327=VERTEX_POINT('',#4588);
#1328=VERTEX_POINT('',#4590);
#1329=VERTEX_POINT('',#4592);
#1330=VERTEX_POINT('',#4596);
#1331=VERTEX_POINT('',#4598);
#1332=VERTEX_POINT('',#4603);
#1333=VERTEX_POINT('',#4605);
#1334=VERTEX_POINT('',#4608);
#1335=VERTEX_POINT('',#4610);
#1336=VERTEX_POINT('',#4614);
#1337=VERTEX_POINT('',#4616);
#1338=VERTEX_POINT('',#4622);
#1339=VERTEX_POINT('',#4626);
#1340=VERTEX_POINT('',#4628);
#1341=VERTEX_POINT('',#4633);
#1342=VERTEX_POINT('',#4639);
#1343=VERTEX_POINT('',#4643);
#1344=VERTEX_POINT('',#4645);
#1345=VERTEX_POINT('',#4649);
#1346=VERTEX_POINT('',#4656);
#1347=VERTEX_POINT('',#4660);
#1348=VERTEX_POINT('',#4662);
#1349=VERTEX_POINT('',#4670);
#1350=VERTEX_POINT('',#4673);
#1351=VERTEX_POINT('',#4674);
#1352=VERTEX_POINT('',#4676);
#1353=VERTEX_POINT('',#4678);
#1354=VERTEX_POINT('',#4681);
#1355=VERTEX_POINT('',#4684);
#1356=VERTEX_POINT('',#4686);
#1357=VERTEX_POINT('',#4700);
#1358=VERTEX_POINT('',#4702);
#1359=VERTEX_POINT('',#4705);
#1360=VERTEX_POINT('',#4711);
#1361=VERTEX_POINT('',#4713);
#1362=VERTEX_POINT('',#4716);
#1363=VERTEX_POINT('',#4722);
#1364=VERTEX_POINT('',#4724);
#1365=VERTEX_POINT('',#4727);
#1366=VERTEX_POINT('',#4733);
#1367=VERTEX_POINT('',#4735);
#1368=VERTEX_POINT('',#4738);
#1369=VERTEX_POINT('',#4744);
#1370=VERTEX_POINT('',#4748);
#1371=VERTEX_POINT('',#4752);
#1372=VERTEX_POINT('',#4759);
#1373=VERTEX_POINT('',#4760);
#1374=VERTEX_POINT('',#4762);
#1375=VERTEX_POINT('',#4764);
#1376=VERTEX_POINT('',#4768);
#1377=VERTEX_POINT('',#4769);
#1378=VERTEX_POINT('',#4771);
#1379=VERTEX_POINT('',#4773);
#1380=VERTEX_POINT('',#4777);
#1381=VERTEX_POINT('',#4778);
#1382=VERTEX_POINT('',#4780);
#1383=VERTEX_POINT('',#4782);
#1384=VERTEX_POINT('',#4784);
#1385=VERTEX_POINT('',#4786);
#1386=VERTEX_POINT('',#4788);
#1387=VERTEX_POINT('',#4790);
#1388=VERTEX_POINT('',#4792);
#1389=VERTEX_POINT('',#4794);
#1390=VERTEX_POINT('',#4796);
#1391=VERTEX_POINT('',#4798);
#1392=VERTEX_POINT('',#4800);
#1393=VERTEX_POINT('',#4802);
#1394=VERTEX_POINT('',#4804);
#1395=VERTEX_POINT('',#4806);
#1396=VERTEX_POINT('',#4809);
#1397=VERTEX_POINT('',#4810);
#1398=VERTEX_POINT('',#4812);
#1399=VERTEX_POINT('',#4814);
#1400=VERTEX_POINT('',#4816);
#1401=VERTEX_POINT('',#4818);
#1402=VERTEX_POINT('',#4820);
#1403=VERTEX_POINT('',#4822);
#1404=VERTEX_POINT('',#4826);
#1405=VERTEX_POINT('',#4828);
#1406=VERTEX_POINT('',#4830);
#1407=VERTEX_POINT('',#4832);
#1408=VERTEX_POINT('',#4836);
#1409=VERTEX_POINT('',#4838);
#1410=VERTEX_POINT('',#4840);
#1411=VERTEX_POINT('',#4842);
#1412=VERTEX_POINT('',#4846);
#1413=VERTEX_POINT('',#4848);
#1414=VERTEX_POINT('',#4852);
#1415=VERTEX_POINT('',#4854);
#1416=VERTEX_POINT('',#4861);
#1417=VERTEX_POINT('',#4863);
#1418=VERTEX_POINT('',#4867);
#1419=VERTEX_POINT('',#4869);
#1420=VERTEX_POINT('',#4873);
#1421=VERTEX_POINT('',#4875);
#1422=VERTEX_POINT('',#4879);
#1423=VERTEX_POINT('',#4881);
#1424=VERTEX_POINT('',#4885);
#1425=VERTEX_POINT('',#4887);
#1426=VERTEX_POINT('',#4891);
#1427=VERTEX_POINT('',#4893);
#1428=VERTEX_POINT('',#4900);
#1429=VERTEX_POINT('',#4902);
#1430=VERTEX_POINT('',#4904);
#1431=VERTEX_POINT('',#4906);
#1432=VERTEX_POINT('',#4908);
#1433=VERTEX_POINT('',#4910);
#1434=VERTEX_POINT('',#4912);
#1435=VERTEX_POINT('',#4914);
#1436=VERTEX_POINT('',#4918);
#1437=VERTEX_POINT('',#4920);
#1438=VERTEX_POINT('',#4924);
#1439=VERTEX_POINT('',#4928);
#1440=VERTEX_POINT('',#4932);
#1441=VERTEX_POINT('',#4936);
#1442=VERTEX_POINT('',#4940);
#1443=VERTEX_POINT('',#4944);
#1444=VERTEX_POINT('',#4948);
#1445=VERTEX_POINT('',#4951);
#1446=VERTEX_POINT('',#4954);
#1447=VERTEX_POINT('',#4958);
#1448=VERTEX_POINT('',#4960);
#1449=VERTEX_POINT('',#4964);
#1450=VERTEX_POINT('',#4970);
#1451=VERTEX_POINT('',#4974);
#1452=VERTEX_POINT('',#4977);
#1453=VERTEX_POINT('',#4978);
#1454=VERTEX_POINT('',#4983);
#1455=VERTEX_POINT('',#4987);
#1456=VERTEX_POINT('',#4993);
#1457=VERTEX_POINT('',#4997);
#1458=VERTEX_POINT('',#5000);
#1459=VERTEX_POINT('',#5003);
#1460=VERTEX_POINT('',#5005);
#1461=VERTEX_POINT('',#5007);
#1462=VERTEX_POINT('',#5009);
#1463=VERTEX_POINT('',#5011);
#1464=VERTEX_POINT('',#5013);
#1465=VERTEX_POINT('',#5015);
#1466=VERTEX_POINT('',#5018);
#1467=VERTEX_POINT('',#5020);
#1468=VERTEX_POINT('',#5022);
#1469=VERTEX_POINT('',#5024);
#1470=VERTEX_POINT('',#5038);
#1471=VERTEX_POINT('',#5042);
#1472=VERTEX_POINT('',#5046);
#1473=VERTEX_POINT('',#5050);
#1474=VERTEX_POINT('',#5054);
#1475=VERTEX_POINT('',#5058);
#1476=VERTEX_POINT('',#5062);
#1477=VERTEX_POINT('',#5063);
#1478=VERTEX_POINT('',#5065);
#1479=VERTEX_POINT('',#5067);
#1480=VERTEX_POINT('',#5069);
#1481=VERTEX_POINT('',#5071);
#1482=VERTEX_POINT('',#5075);
#1483=VERTEX_POINT('',#5076);
#1484=VERTEX_POINT('',#5078);
#1485=VERTEX_POINT('',#5080);
#1486=VERTEX_POINT('',#5082);
#1487=VERTEX_POINT('',#5084);
#1488=VERTEX_POINT('',#5100);
#1489=VERTEX_POINT('',#5101);
#1490=VERTEX_POINT('',#5103);
#1491=VERTEX_POINT('',#5105);
#1492=VERTEX_POINT('',#5107);
#1493=VERTEX_POINT('',#5109);
#1494=VERTEX_POINT('',#5113);
#1495=VERTEX_POINT('',#5114);
#1496=VERTEX_POINT('',#5116);
#1497=VERTEX_POINT('',#5118);
#1498=VERTEX_POINT('',#5120);
#1499=VERTEX_POINT('',#5122);
#1500=VERTEX_POINT('',#5138);
#1501=VERTEX_POINT('',#5139);
#1502=VERTEX_POINT('',#5141);
#1503=VERTEX_POINT('',#5143);
#1504=VERTEX_POINT('',#5145);
#1505=VERTEX_POINT('',#5147);
#1506=VERTEX_POINT('',#5151);
#1507=VERTEX_POINT('',#5152);
#1508=VERTEX_POINT('',#5154);
#1509=VERTEX_POINT('',#5156);
#1510=VERTEX_POINT('',#5158);
#1511=VERTEX_POINT('',#5160);
#1512=VERTEX_POINT('',#5176);
#1513=VERTEX_POINT('',#5177);
#1514=VERTEX_POINT('',#5179);
#1515=VERTEX_POINT('',#5181);
#1516=VERTEX_POINT('',#5183);
#1517=VERTEX_POINT('',#5185);
#1518=VERTEX_POINT('',#5189);
#1519=VERTEX_POINT('',#5190);
#1520=VERTEX_POINT('',#5192);
#1521=VERTEX_POINT('',#5194);
#1522=VERTEX_POINT('',#5196);
#1523=VERTEX_POINT('',#5198);
#1524=VERTEX_POINT('',#5220);
#1525=VERTEX_POINT('',#5221);
#1526=VERTEX_POINT('',#5223);
#1527=VERTEX_POINT('',#5225);
#1528=VERTEX_POINT('',#5227);
#1529=VERTEX_POINT('',#5229);
#1530=VERTEX_POINT('',#5231);
#1531=VERTEX_POINT('',#5235);
#1532=VERTEX_POINT('',#5236);
#1533=VERTEX_POINT('',#5241);
#1534=VERTEX_POINT('',#5242);
#1535=VERTEX_POINT('',#5247);
#1536=VERTEX_POINT('',#5248);
#1537=VERTEX_POINT('',#5253);
#1538=VERTEX_POINT('',#5255);
#1539=VERTEX_POINT('',#5259);
#1540=VERTEX_POINT('',#5263);
#1541=VERTEX_POINT('',#5267);
#1542=VERTEX_POINT('',#5269);
#1543=VERTEX_POINT('',#5273);
#1544=VERTEX_POINT('',#5275);
#1545=VERTEX_POINT('',#5279);
#1546=VERTEX_POINT('',#5281);
#1547=VERTEX_POINT('',#5288);
#1548=VERTEX_POINT('',#5289);
#1549=VERTEX_POINT('',#5292);
#1550=VERTEX_POINT('',#5294);
#1551=VERTEX_POINT('',#5301);
#1552=VERTEX_POINT('',#5305);
#1553=VERTEX_POINT('',#5307);
#1554=VERTEX_POINT('',#5311);
#1555=VERTEX_POINT('',#5313);
#1556=VERTEX_POINT('',#5317);
#1557=VERTEX_POINT('',#5319);
#1558=VERTEX_POINT('',#5323);
#1559=VERTEX_POINT('',#5325);
#1560=VERTEX_POINT('',#5329);
#1561=VERTEX_POINT('',#5330);
#1562=VERTEX_POINT('',#5335);
#1563=VERTEX_POINT('',#5336);
#1564=VERTEX_POINT('',#5347);
#1565=VERTEX_POINT('',#5351);
#1566=EDGE_CURVE('',#1268,#1269,#624,.T.);
#1567=EDGE_CURVE('',#1270,#1268,#625,.T.);
#1568=EDGE_CURVE('',#1271,#1270,#497,.T.);
#1569=EDGE_CURVE('',#1272,#1271,#626,.T.);
#1570=EDGE_CURVE('',#1273,#1272,#498,.T.);
#1571=EDGE_CURVE('',#1274,#1273,#627,.T.);
#1572=EDGE_CURVE('',#1275,#1274,#499,.T.);
#1573=EDGE_CURVE('',#1276,#1275,#628,.T.);
#1574=EDGE_CURVE('',#1277,#1276,#500,.T.);
#1575=EDGE_CURVE('',#1278,#1277,#629,.T.);
#1576=EDGE_CURVE('',#1279,#1278,#630,.T.);
#1577=EDGE_CURVE('',#1280,#1279,#501,.T.);
#1578=EDGE_CURVE('',#1281,#1280,#631,.T.);
#1579=EDGE_CURVE('',#1282,#1281,#632,.T.);
#1580=EDGE_CURVE('',#1283,#1282,#633,.T.);
#1581=EDGE_CURVE('',#1269,#1283,#502,.T.);
#1582=EDGE_CURVE('',#1284,#1285,#634,.T.);
#1583=EDGE_CURVE('',#1286,#1284,#635,.T.);
#1584=EDGE_CURVE('',#1287,#1286,#636,.T.);
#1585=EDGE_CURVE('',#1285,#1287,#637,.T.);
#1586=EDGE_CURVE('',#1288,#1289,#638,.T.);
#1587=EDGE_CURVE('',#1290,#1288,#639,.T.);
#1588=EDGE_CURVE('',#1290,#1291,#640,.T.);
#1589=EDGE_CURVE('',#1289,#1291,#641,.T.);
#1590=EDGE_CURVE('',#1291,#1292,#503,.T.);
#1591=EDGE_CURVE('',#1293,#1290,#504,.T.);
#1592=EDGE_CURVE('',#1293,#1292,#642,.T.);
#1593=EDGE_CURVE('',#1292,#1294,#643,.T.);
#1594=EDGE_CURVE('',#1295,#1293,#644,.T.);
#1595=EDGE_CURVE('',#1295,#1294,#645,.T.);
#1596=EDGE_CURVE('',#1294,#1284,#505,.T.);
#1597=EDGE_CURVE('',#1286,#1295,#506,.T.);
#1598=EDGE_CURVE('',#1296,#1288,#646,.T.);
#1599=EDGE_CURVE('',#1297,#1296,#647,.T.);
#1600=EDGE_CURVE('',#1298,#1297,#648,.T.);
#1601=EDGE_CURVE('',#1298,#1299,#649,.T.);
#1602=EDGE_CURVE('',#1287,#1299,#650,.T.);
#1603=EDGE_CURVE('',#1299,#1300,#507,.T.);
#1604=EDGE_CURVE('',#1300,#1301,#651,.T.);
#1605=EDGE_CURVE('',#1301,#1302,#508,.T.);
#1606=EDGE_CURVE('',#1302,#1303,#652,.T.);
#1607=EDGE_CURVE('',#1303,#1304,#509,.T.);
#1608=EDGE_CURVE('',#1304,#1305,#653,.T.);
#1609=EDGE_CURVE('',#1305,#1296,#510,.T.);
#1610=EDGE_CURVE('',#1289,#1306,#654,.T.);
#1611=EDGE_CURVE('',#1306,#1307,#511,.T.);
#1612=EDGE_CURVE('',#1307,#1308,#655,.T.);
#1613=EDGE_CURVE('',#1308,#1309,#512,.T.);
#1614=EDGE_CURVE('',#1309,#1310,#656,.T.);
#1615=EDGE_CURVE('',#1310,#1311,#513,.T.);
#1616=EDGE_CURVE('',#1311,#1312,#657,.T.);
#1617=EDGE_CURVE('',#1312,#1313,#514,.T.);
#1618=EDGE_CURVE('',#1313,#1285,#658,.T.);
#1619=EDGE_CURVE('',#1314,#1315,#515,.T.);
#1620=EDGE_CURVE('',#1314,#1313,#659,.T.);
#1621=EDGE_CURVE('',#1315,#1312,#660,.T.);
#1622=EDGE_CURVE('',#1315,#1316,#661,.T.);
#1623=EDGE_CURVE('',#1316,#1311,#662,.T.);
#1624=EDGE_CURVE('',#1316,#1317,#516,.T.);
#1625=EDGE_CURVE('',#1317,#1310,#663,.T.);
#1626=EDGE_CURVE('',#1317,#1318,#664,.T.);
#1627=EDGE_CURVE('',#1318,#1309,#665,.T.);
#1628=EDGE_CURVE('',#1318,#1319,#517,.T.);
#1629=EDGE_CURVE('',#1319,#1308,#666,.T.);
#1630=EDGE_CURVE('',#1319,#1320,#667,.T.);
#1631=EDGE_CURVE('',#1320,#1307,#668,.T.);
#1632=EDGE_CURVE('',#1320,#1321,#518,.T.);
#1633=EDGE_CURVE('',#1321,#1306,#669,.T.);
#1634=EDGE_CURVE('',#1321,#1314,#670,.T.);
#1635=EDGE_CURVE('',#1322,#1323,#671,.T.);
#1636=EDGE_CURVE('',#1324,#1322,#519,.T.);
#1637=EDGE_CURVE('',#1325,#1324,#672,.T.);
#1638=EDGE_CURVE('',#1326,#1325,#520,.T.);
#1639=EDGE_CURVE('',#1327,#1326,#673,.T.);
#1640=EDGE_CURVE('',#1328,#1327,#521,.T.);
#1641=EDGE_CURVE('',#1329,#1328,#674,.T.);
#1642=EDGE_CURVE('',#1323,#1329,#522,.T.);
#1643=EDGE_CURVE('',#1330,#1326,#675,.T.);
#1644=EDGE_CURVE('',#1330,#1331,#676,.T.);
#1645=EDGE_CURVE('',#1331,#1278,#677,.T.);
#1646=EDGE_CURVE('',#1327,#1277,#678,.T.);
#1647=EDGE_CURVE('',#1332,#1324,#679,.T.);
#1648=EDGE_CURVE('',#1332,#1333,#680,.T.);
#1649=EDGE_CURVE('',#1333,#1282,#681,.T.);
#1650=EDGE_CURVE('',#1281,#1334,#682,.T.);
#1651=EDGE_CURVE('',#1334,#1335,#683,.T.);
#1652=EDGE_CURVE('',#1335,#1325,#684,.T.);
#1653=EDGE_CURVE('',#1336,#1300,#685,.T.);
#1654=EDGE_CURVE('',#1337,#1336,#686,.T.);
#1655=EDGE_CURVE('',#1337,#1301,#687,.T.);
#1656=EDGE_CURVE('',#1298,#1336,#523,.T.);
#1657=EDGE_CURVE('',#1338,#1305,#688,.T.);
#1658=EDGE_CURVE('',#1338,#1297,#524,.T.);
#1659=EDGE_CURVE('',#1339,#1329,#689,.T.);
#1660=EDGE_CURVE('',#1339,#1340,#525,.T.);
#1661=EDGE_CURVE('',#1340,#1271,#690,.T.);
#1662=EDGE_CURVE('',#1323,#1270,#691,.T.);
#1663=EDGE_CURVE('',#1341,#1328,#692,.T.);
#1664=EDGE_CURVE('',#1341,#1339,#693,.T.);
#1665=EDGE_CURVE('',#1335,#1330,#526,.T.);
#1666=EDGE_CURVE('',#1342,#1322,#694,.T.);
#1667=EDGE_CURVE('',#1342,#1332,#527,.T.);
#1668=EDGE_CURVE('',#1269,#1343,#695,.T.);
#1669=EDGE_CURVE('',#1344,#1343,#696,.T.);
#1670=EDGE_CURVE('',#1268,#1344,#697,.T.);
#1671=EDGE_CURVE('',#1345,#1333,#698,.T.);
#1672=EDGE_CURVE('',#1345,#1283,#699,.T.);
#1673=EDGE_CURVE('',#1343,#1345,#528,.T.);
#1674=EDGE_CURVE('',#1344,#1342,#700,.T.);
#1675=EDGE_CURVE('',#1346,#1346,#529,.T.);
#1676=EDGE_CURVE('',#1279,#1347,#701,.T.);
#1677=EDGE_CURVE('',#1348,#1347,#530,.T.);
#1678=EDGE_CURVE('',#1348,#1280,#702,.T.);
#1679=EDGE_CURVE('',#1334,#1348,#703,.T.);
#1680=EDGE_CURVE('',#1347,#1331,#704,.T.);
#1681=EDGE_CURVE('',#1349,#1349,#531,.T.);
#1682=EDGE_CURVE('',#1350,#1351,#532,.T.);
#1683=EDGE_CURVE('',#1351,#1352,#705,.T.);
#1684=EDGE_CURVE('',#1352,#1353,#533,.T.);
#1685=EDGE_CURVE('',#1353,#1340,#706,.T.);
#1686=EDGE_CURVE('',#1354,#1341,#534,.T.);
#1687=EDGE_CURVE('',#1354,#1350,#707,.T.);
#1688=EDGE_CURVE('',#1355,#1355,#535,.T.);
#1689=EDGE_CURVE('',#1356,#1356,#536,.T.);
#1690=EDGE_CURVE('',#1275,#1350,#708,.T.);
#1691=EDGE_CURVE('',#1276,#1354,#709,.T.);
#1692=EDGE_CURVE('',#1353,#1272,#710,.T.);
#1693=EDGE_CURVE('',#1352,#1273,#711,.T.);
#1694=EDGE_CURVE('',#1351,#1274,#712,.T.);
#1695=EDGE_CURVE('',#1357,#1357,#537,.T.);
#1696=EDGE_CURVE('',#1358,#1358,#538,.T.);
#1697=EDGE_CURVE('',#1359,#1359,#539,.T.);
#1698=EDGE_CURVE('',#1359,#1357,#713,.T.);
#1699=EDGE_CURVE('',#1358,#1346,#714,.T.);
#1700=EDGE_CURVE('',#1360,#1360,#540,.T.);
#1701=EDGE_CURVE('',#1361,#1361,#541,.T.);
#1702=EDGE_CURVE('',#1362,#1362,#542,.T.);
#1703=EDGE_CURVE('',#1362,#1360,#715,.T.);
#1704=EDGE_CURVE('',#1361,#1349,#716,.T.);
#1705=EDGE_CURVE('',#1363,#1363,#543,.T.);
#1706=EDGE_CURVE('',#1364,#1364,#544,.T.);
#1707=EDGE_CURVE('',#1365,#1365,#545,.T.);
#1708=EDGE_CURVE('',#1365,#1363,#717,.T.);
#1709=EDGE_CURVE('',#1364,#1355,#718,.T.);
#1710=EDGE_CURVE('',#1366,#1366,#546,.T.);
#1711=EDGE_CURVE('',#1367,#1367,#547,.T.);
#1712=EDGE_CURVE('',#1368,#1368,#548,.T.);
#1713=EDGE_CURVE('',#1368,#1366,#719,.T.);
#1714=EDGE_CURVE('',#1367,#1356,#720,.T.);
#1715=EDGE_CURVE('',#1369,#1304,#721,.T.);
#1716=EDGE_CURVE('',#1338,#1369,#722,.T.);
#1717=EDGE_CURVE('',#1370,#1303,#723,.T.);
#1718=EDGE_CURVE('',#1370,#1369,#549,.T.);
#1719=EDGE_CURVE('',#1371,#1302,#724,.T.);
#1720=EDGE_CURVE('',#1370,#1371,#725,.T.);
#1721=EDGE_CURVE('',#1337,#1371,#550,.T.);
#1722=EDGE_CURVE('',#1372,#1373,#726,.T.);
#1723=EDGE_CURVE('',#1373,#1374,#727,.T.);
#1724=EDGE_CURVE('',#1375,#1374,#728,.T.);
#1725=EDGE_CURVE('',#1372,#1375,#729,.T.);
#1726=EDGE_CURVE('',#1376,#1377,#730,.T.);
#1727=EDGE_CURVE('',#1378,#1377,#731,.T.);
#1728=EDGE_CURVE('',#1378,#1379,#732,.T.);
#1729=EDGE_CURVE('',#1379,#1376,#733,.T.);
#1730=EDGE_CURVE('',#1380,#1381,#734,.T.);
#1731=EDGE_CURVE('',#1382,#1381,#551,.F.);
#1732=EDGE_CURVE('',#1383,#1382,#735,.F.);
#1733=EDGE_CURVE('',#1383,#1384,#736,.T.);
#1734=EDGE_CURVE('',#1384,#1385,#552,.T.);
#1735=EDGE_CURVE('',#1385,#1386,#737,.T.);
#1736=EDGE_CURVE('',#1387,#1386,#738,.F.);
#1737=EDGE_CURVE('',#1387,#1388,#739,.T.);
#1738=EDGE_CURVE('',#1388,#1389,#553,.T.);
#1739=EDGE_CURVE('',#1389,#1390,#740,.T.);
#1740=EDGE_CURVE('',#1391,#1390,#741,.F.);
#1741=EDGE_CURVE('',#1392,#1391,#554,.F.);
#1742=EDGE_CURVE('',#1392,#1393,#742,.T.);
#1743=EDGE_CURVE('',#1393,#1394,#555,.T.);
#1744=EDGE_CURVE('',#1394,#1395,#743,.T.);
#1745=EDGE_CURVE('',#1395,#1380,#556,.T.);
#1746=EDGE_CURVE('',#1396,#1397,#744,.T.);
#1747=EDGE_CURVE('',#1398,#1396,#557,.T.);
#1748=EDGE_CURVE('',#1399,#1398,#745,.T.);
#1749=EDGE_CURVE('',#1400,#1399,#558,.T.);
#1750=EDGE_CURVE('',#1401,#1400,#746,.T.);
#1751=EDGE_CURVE('',#1402,#1401,#559,.T.);
#1752=EDGE_CURVE('',#1403,#1402,#747,.T.);
#1753=EDGE_CURVE('',#1397,#1403,#560,.T.);
#1754=EDGE_CURVE('',#1373,#1404,#748,.T.);
#1755=EDGE_CURVE('',#1405,#1372,#749,.T.);
#1756=EDGE_CURVE('',#1406,#1405,#750,.T.);
#1757=EDGE_CURVE('',#1407,#1406,#751,.T.);
#1758=EDGE_CURVE('',#1404,#1407,#752,.T.);
#1759=EDGE_CURVE('',#1408,#1376,#753,.T.);
#1760=EDGE_CURVE('',#1409,#1408,#754,.T.);
#1761=EDGE_CURVE('',#1409,#1410,#755,.T.);
#1762=EDGE_CURVE('',#1411,#1410,#756,.T.);
#1763=EDGE_CURVE('',#1377,#1411,#757,.T.);
#1764=EDGE_CURVE('',#1412,#1409,#561,.T.);
#1765=EDGE_CURVE('',#1412,#1413,#758,.T.);
#1766=EDGE_CURVE('',#1410,#1413,#562,.T.);
#1767=EDGE_CURVE('',#1414,#1412,#759,.T.);
#1768=EDGE_CURVE('',#1414,#1415,#760,.T.);
#1769=EDGE_CURVE('',#1413,#1415,#761,.T.);
#1770=EDGE_CURVE('',#1407,#1414,#563,.T.);
#1771=EDGE_CURVE('',#1415,#1406,#564,.T.);
#1772=EDGE_CURVE('',#1416,#1378,#565,.T.);
#1773=EDGE_CURVE('',#1416,#1417,#762,.T.);
#1774=EDGE_CURVE('',#1417,#1379,#566,.T.);
#1775=EDGE_CURVE('',#1418,#1416,#763,.T.);
#1776=EDGE_CURVE('',#1418,#1419,#764,.T.);
#1777=EDGE_CURVE('',#1419,#1417,#765,.T.);
#1778=EDGE_CURVE('',#1420,#1418,#567,.T.);
#1779=EDGE_CURVE('',#1420,#1421,#766,.T.);
#1780=EDGE_CURVE('',#1421,#1419,#568,.T.);
#1781=EDGE_CURVE('',#1422,#1420,#767,.T.);
#1782=EDGE_CURVE('',#1422,#1423,#768,.T.);
#1783=EDGE_CURVE('',#1423,#1421,#769,.T.);
#1784=EDGE_CURVE('',#1424,#1422,#569,.T.);
#1785=EDGE_CURVE('',#1424,#1425,#770,.T.);
#1786=EDGE_CURVE('',#1425,#1423,#570,.T.);
#1787=EDGE_CURVE('',#1426,#1424,#771,.T.);
#1788=EDGE_CURVE('',#1426,#1427,#772,.T.);
#1789=EDGE_CURVE('',#1427,#1425,#773,.T.);
#1790=EDGE_CURVE('',#1375,#1426,#571,.T.);
#1791=EDGE_CURVE('',#1374,#1427,#572,.T.);
#1792=EDGE_CURVE('',#1428,#1404,#774,.T.);
#1793=EDGE_CURVE('',#1429,#1428,#573,.T.);
#1794=EDGE_CURVE('',#1430,#1429,#775,.T.);
#1795=EDGE_CURVE('',#1431,#1430,#574,.T.);
#1796=EDGE_CURVE('',#1432,#1431,#776,.T.);
#1797=EDGE_CURVE('',#1433,#1432,#575,.T.);
#1798=EDGE_CURVE('',#1434,#1433,#777,.T.);
#1799=EDGE_CURVE('',#1435,#1434,#576,.T.);
#1800=EDGE_CURVE('',#1408,#1435,#778,.T.);
#1801=EDGE_CURVE('',#1431,#1436,#779,.T.);
#1802=EDGE_CURVE('',#1437,#1436,#780,.T.);
#1803=EDGE_CURVE('',#1432,#1437,#781,.T.);
#1804=EDGE_CURVE('',#1430,#1438,#782,.T.);
#1805=EDGE_CURVE('',#1436,#1438,#577,.T.);
#1806=EDGE_CURVE('',#1429,#1439,#783,.T.);
#1807=EDGE_CURVE('',#1438,#1439,#784,.T.);
#1808=EDGE_CURVE('',#1428,#1440,#785,.T.);
#1809=EDGE_CURVE('',#1439,#1440,#578,.T.);
#1810=EDGE_CURVE('',#1435,#1441,#786,.T.);
#1811=EDGE_CURVE('',#1440,#1441,#787,.T.);
#1812=EDGE_CURVE('',#1434,#1442,#788,.T.);
#1813=EDGE_CURVE('',#1441,#1442,#579,.T.);
#1814=EDGE_CURVE('',#1433,#1443,#789,.T.);
#1815=EDGE_CURVE('',#1442,#1443,#790,.T.);
#1816=EDGE_CURVE('',#1444,#1444,#580,.T.);
#1817=EDGE_CURVE('',#1445,#1405,#791,.T.);
#1818=EDGE_CURVE('',#1445,#1387,#792,.T.);
#1819=EDGE_CURVE('',#1386,#1446,#793,.T.);
#1820=EDGE_CURVE('',#1411,#1446,#794,.T.);
#1821=EDGE_CURVE('',#1447,#1383,#795,.T.);
#1822=EDGE_CURVE('',#1448,#1447,#796,.T.);
#1823=EDGE_CURVE('',#1384,#1448,#797,.T.);
#1824=EDGE_CURVE('',#1385,#1449,#798,.T.);
#1825=EDGE_CURVE('',#1446,#1449,#799,.T.);
#1826=EDGE_CURVE('',#1449,#1448,#581,.T.);
#1827=EDGE_CURVE('',#1450,#1450,#582,.T.);
#1828=EDGE_CURVE('',#1450,#1444,#800,.T.);
#1829=EDGE_CURVE('',#1451,#1451,#583,.T.);
#1830=EDGE_CURVE('',#1452,#1453,#801,.T.);
#1831=EDGE_CURVE('',#1452,#1391,#802,.T.);
#1832=EDGE_CURVE('',#1390,#1453,#803,.T.);
#1833=EDGE_CURVE('',#1454,#1445,#804,.T.);
#1834=EDGE_CURVE('',#1388,#1454,#805,.T.);
#1835=EDGE_CURVE('',#1389,#1455,#806,.T.);
#1836=EDGE_CURVE('',#1453,#1455,#807,.T.);
#1837=EDGE_CURVE('',#1455,#1454,#584,.T.);
#1838=EDGE_CURVE('',#1456,#1456,#585,.T.);
#1839=EDGE_CURVE('',#1456,#1451,#808,.T.);
#1840=EDGE_CURVE('',#1457,#1457,#586,.T.);
#1841=EDGE_CURVE('',#1458,#1458,#587,.T.);
#1842=EDGE_CURVE('',#1447,#1459,#809,.T.);
#1843=EDGE_CURVE('',#1459,#1460,#588,.T.);
#1844=EDGE_CURVE('',#1460,#1461,#810,.T.);
#1845=EDGE_CURVE('',#1461,#1462,#589,.T.);
#1846=EDGE_CURVE('',#1462,#1463,#811,.T.);
#1847=EDGE_CURVE('',#1463,#1464,#590,.T.);
#1848=EDGE_CURVE('',#1464,#1465,#812,.T.);
#1849=EDGE_CURVE('',#1465,#1452,#591,.T.);
#1850=EDGE_CURVE('',#1466,#1466,#592,.T.);
#1851=EDGE_CURVE('',#1467,#1467,#593,.T.);
#1852=EDGE_CURVE('',#1468,#1468,#594,.T.);
#1853=EDGE_CURVE('',#1469,#1469,#595,.T.);
#1854=EDGE_CURVE('',#1465,#1392,#813,.T.);
#1855=EDGE_CURVE('',#1393,#1464,#814,.T.);
#1856=EDGE_CURVE('',#1380,#1461,#815,.T.);
#1857=EDGE_CURVE('',#1381,#1460,#816,.T.);
#1858=EDGE_CURVE('',#1395,#1462,#817,.T.);
#1859=EDGE_CURVE('',#1394,#1463,#818,.T.);
#1860=EDGE_CURVE('',#1470,#1470,#596,.T.);
#1861=EDGE_CURVE('',#1470,#1458,#819,.T.);
#1862=EDGE_CURVE('',#1471,#1471,#597,.T.);
#1863=EDGE_CURVE('',#1471,#1457,#820,.T.);
#1864=EDGE_CURVE('',#1468,#1472,#821,.T.);
#1865=EDGE_CURVE('',#1472,#1472,#598,.T.);
#1866=EDGE_CURVE('',#1466,#1473,#822,.T.);
#1867=EDGE_CURVE('',#1473,#1473,#599,.T.);
#1868=EDGE_CURVE('',#1469,#1474,#823,.T.);
#1869=EDGE_CURVE('',#1474,#1474,#600,.T.);
#1870=EDGE_CURVE('',#1467,#1475,#824,.T.);
#1871=EDGE_CURVE('',#1475,#1475,#601,.T.);
#1872=EDGE_CURVE('',#1476,#1477,#825,.T.);
#1873=EDGE_CURVE('',#1477,#1478,#826,.T.);
#1874=EDGE_CURVE('',#1478,#1479,#827,.T.);
#1875=EDGE_CURVE('',#1479,#1480,#828,.T.);
#1876=EDGE_CURVE('',#1480,#1481,#829,.T.);
#1877=EDGE_CURVE('',#1481,#1476,#830,.T.);
#1878=EDGE_CURVE('',#1482,#1483,#831,.T.);
#1879=EDGE_CURVE('',#1484,#1482,#832,.T.);
#1880=EDGE_CURVE('',#1485,#1484,#833,.T.);
#1881=EDGE_CURVE('',#1486,#1485,#834,.T.);
#1882=EDGE_CURVE('',#1487,#1486,#835,.T.);
#1883=EDGE_CURVE('',#1483,#1487,#836,.T.);
#1884=EDGE_CURVE('',#1476,#1482,#837,.T.);
#1885=EDGE_CURVE('',#1477,#1483,#838,.T.);
#1886=EDGE_CURVE('',#1478,#1487,#839,.T.);
#1887=EDGE_CURVE('',#1479,#1486,#840,.T.);
#1888=EDGE_CURVE('',#1480,#1485,#841,.T.);
#1889=EDGE_CURVE('',#1481,#1484,#842,.T.);
#1890=EDGE_CURVE('',#1488,#1489,#843,.T.);
#1891=EDGE_CURVE('',#1489,#1490,#844,.T.);
#1892=EDGE_CURVE('',#1490,#1491,#845,.T.);
#1893=EDGE_CURVE('',#1491,#1492,#846,.T.);
#1894=EDGE_CURVE('',#1492,#1493,#847,.T.);
#1895=EDGE_CURVE('',#1493,#1488,#848,.T.);
#1896=EDGE_CURVE('',#1494,#1495,#849,.T.);
#1897=EDGE_CURVE('',#1496,#1494,#850,.T.);
#1898=EDGE_CURVE('',#1497,#1496,#851,.T.);
#1899=EDGE_CURVE('',#1498,#1497,#852,.T.);
#1900=EDGE_CURVE('',#1499,#1498,#853,.T.);
#1901=EDGE_CURVE('',#1495,#1499,#854,.T.);
#1902=EDGE_CURVE('',#1488,#1494,#855,.T.);
#1903=EDGE_CURVE('',#1489,#1495,#856,.T.);
#1904=EDGE_CURVE('',#1490,#1499,#857,.T.);
#1905=EDGE_CURVE('',#1491,#1498,#858,.T.);
#1906=EDGE_CURVE('',#1492,#1497,#859,.T.);
#1907=EDGE_CURVE('',#1493,#1496,#860,.T.);
#1908=EDGE_CURVE('',#1500,#1501,#861,.T.);
#1909=EDGE_CURVE('',#1501,#1502,#862,.T.);
#1910=EDGE_CURVE('',#1502,#1503,#863,.T.);
#1911=EDGE_CURVE('',#1503,#1504,#864,.T.);
#1912=EDGE_CURVE('',#1504,#1505,#865,.T.);
#1913=EDGE_CURVE('',#1505,#1500,#866,.T.);
#1914=EDGE_CURVE('',#1506,#1507,#867,.T.);
#1915=EDGE_CURVE('',#1508,#1506,#868,.T.);
#1916=EDGE_CURVE('',#1509,#1508,#869,.T.);
#1917=EDGE_CURVE('',#1510,#1509,#870,.T.);
#1918=EDGE_CURVE('',#1511,#1510,#871,.T.);
#1919=EDGE_CURVE('',#1507,#1511,#872,.T.);
#1920=EDGE_CURVE('',#1500,#1506,#873,.T.);
#1921=EDGE_CURVE('',#1501,#1507,#874,.T.);
#1922=EDGE_CURVE('',#1502,#1511,#875,.T.);
#1923=EDGE_CURVE('',#1503,#1510,#876,.T.);
#1924=EDGE_CURVE('',#1504,#1509,#877,.T.);
#1925=EDGE_CURVE('',#1505,#1508,#878,.T.);
#1926=EDGE_CURVE('',#1512,#1513,#879,.T.);
#1927=EDGE_CURVE('',#1513,#1514,#880,.T.);
#1928=EDGE_CURVE('',#1514,#1515,#881,.T.);
#1929=EDGE_CURVE('',#1515,#1516,#882,.T.);
#1930=EDGE_CURVE('',#1516,#1517,#883,.T.);
#1931=EDGE_CURVE('',#1517,#1512,#884,.T.);
#1932=EDGE_CURVE('',#1518,#1519,#885,.T.);
#1933=EDGE_CURVE('',#1520,#1518,#886,.T.);
#1934=EDGE_CURVE('',#1521,#1520,#887,.T.);
#1935=EDGE_CURVE('',#1522,#1521,#888,.T.);
#1936=EDGE_CURVE('',#1523,#1522,#889,.T.);
#1937=EDGE_CURVE('',#1519,#1523,#890,.T.);
#1938=EDGE_CURVE('',#1512,#1518,#891,.T.);
#1939=EDGE_CURVE('',#1513,#1519,#892,.T.);
#1940=EDGE_CURVE('',#1514,#1523,#893,.T.);
#1941=EDGE_CURVE('',#1515,#1522,#894,.T.);
#1942=EDGE_CURVE('',#1516,#1521,#895,.T.);
#1943=EDGE_CURVE('',#1517,#1520,#896,.T.);
#1944=EDGE_CURVE('',#1443,#1437,#602,.T.);
#1945=EDGE_CURVE('',#1459,#1382,#897,.T.);
#1946=EDGE_CURVE('',#1524,#1525,#898,.T.);
#1947=EDGE_CURVE('',#1525,#1526,#603,.T.);
#1948=EDGE_CURVE('',#1526,#1527,#899,.T.);
#1949=EDGE_CURVE('',#1528,#1527,#604,.T.);
#1950=EDGE_CURVE('',#1529,#1528,#900,.T.);
#1951=EDGE_CURVE('',#1530,#1529,#901,.T.);
#1952=EDGE_CURVE('',#1524,#1530,#605,.T.);
#1953=EDGE_CURVE('',#1531,#1532,#902,.T.);
#1954=EDGE_CURVE('',#1532,#1525,#903,.T.);
#1955=EDGE_CURVE('',#1531,#1524,#904,.T.);
#1956=EDGE_CURVE('',#1533,#1534,#905,.T.);
#1957=EDGE_CURVE('',#1534,#1532,#606,.T.);
#1958=EDGE_CURVE('',#1533,#1531,#607,.T.);
#1959=EDGE_CURVE('',#1535,#1536,#906,.T.);
#1960=EDGE_CURVE('',#1536,#1534,#907,.T.);
#1961=EDGE_CURVE('',#1535,#1533,#908,.T.);
#1962=EDGE_CURVE('',#1400,#1537,#909,.T.);
#1963=EDGE_CURVE('',#1538,#1537,#910,.T.);
#1964=EDGE_CURVE('',#1401,#1538,#911,.T.);
#1965=EDGE_CURVE('',#1399,#1539,#912,.T.);
#1966=EDGE_CURVE('',#1537,#1539,#608,.T.);
#1967=EDGE_CURVE('',#1398,#1540,#913,.T.);
#1968=EDGE_CURVE('',#1539,#1540,#914,.T.);
#1969=EDGE_CURVE('',#1396,#1541,#915,.T.);
#1970=EDGE_CURVE('',#1541,#1542,#916,.T.);
#1971=EDGE_CURVE('',#1540,#1542,#609,.T.);
#1972=EDGE_CURVE('',#1543,#1526,#917,.T.);
#1973=EDGE_CURVE('',#1543,#1544,#918,.T.);
#1974=EDGE_CURVE('',#1527,#1544,#919,.T.);
#1975=EDGE_CURVE('',#1545,#1543,#920,.T.);
#1976=EDGE_CURVE('',#1545,#1546,#921,.T.);
#1977=EDGE_CURVE('',#1544,#1546,#922,.T.);
#1978=EDGE_CURVE('',#1529,#1541,#923,.T.);
#1979=EDGE_CURVE('',#1542,#1528,#924,.T.);
#1980=EDGE_CURVE('',#1547,#1548,#925,.T.);
#1981=EDGE_CURVE('',#1546,#1548,#926,.T.);
#1982=EDGE_CURVE('',#1549,#1545,#927,.T.);
#1983=EDGE_CURVE('',#1550,#1549,#928,.T.);
#1984=EDGE_CURVE('',#1550,#1547,#929,.T.);
#1985=EDGE_CURVE('',#1547,#1541,#930,.T.);
#1986=EDGE_CURVE('',#1529,#1550,#931,.T.);
#1987=EDGE_CURVE('',#1551,#1550,#932,.T.);
#1988=EDGE_CURVE('',#1530,#1551,#933,.T.);
#1989=EDGE_CURVE('',#1552,#1552,#610,.T.);
#1990=EDGE_CURVE('',#1552,#1553,#934,.T.);
#1991=EDGE_CURVE('',#1553,#1553,#611,.T.);
#1992=EDGE_CURVE('',#1554,#1554,#612,.T.);
#1993=EDGE_CURVE('',#1554,#1555,#935,.T.);
#1994=EDGE_CURVE('',#1555,#1555,#613,.T.);
#1995=EDGE_CURVE('',#1556,#1556,#614,.T.);
#1996=EDGE_CURVE('',#1556,#1557,#936,.T.);
#1997=EDGE_CURVE('',#1557,#1557,#615,.T.);
#1998=EDGE_CURVE('',#1558,#1558,#616,.T.);
#1999=EDGE_CURVE('',#1558,#1559,#937,.T.);
#2000=EDGE_CURVE('',#1559,#1559,#617,.T.);
#2001=EDGE_CURVE('',#1560,#1561,#938,.T.);
#2002=EDGE_CURVE('',#1561,#1536,#618,.T.);
#2003=EDGE_CURVE('',#1560,#1535,#619,.T.);
#2004=EDGE_CURVE('',#1562,#1563,#939,.T.);
#2005=EDGE_CURVE('',#1563,#1561,#940,.T.);
#2006=EDGE_CURVE('',#1562,#1560,#941,.T.);
#2007=EDGE_CURVE('',#1549,#1563,#620,.T.);
#2008=EDGE_CURVE('',#1551,#1562,#621,.T.);
#2009=EDGE_CURVE('',#1397,#1547,#942,.T.);
#2010=EDGE_CURVE('',#1564,#1538,#622,.T.);
#2011=EDGE_CURVE('',#1402,#1564,#943,.T.);
#2012=EDGE_CURVE('',#1565,#1564,#944,.T.);
#2013=EDGE_CURVE('',#1403,#1565,#945,.T.);
#2014=EDGE_CURVE('',#1548,#1565,#623,.T.);
#2015=ORIENTED_EDGE('',*,*,#1566,.F.);
#2016=ORIENTED_EDGE('',*,*,#1567,.F.);
#2017=ORIENTED_EDGE('',*,*,#1568,.F.);
#2018=ORIENTED_EDGE('',*,*,#1569,.F.);
#2019=ORIENTED_EDGE('',*,*,#1570,.F.);
#2020=ORIENTED_EDGE('',*,*,#1571,.F.);
#2021=ORIENTED_EDGE('',*,*,#1572,.F.);
#2022=ORIENTED_EDGE('',*,*,#1573,.F.);
#2023=ORIENTED_EDGE('',*,*,#1574,.F.);
#2024=ORIENTED_EDGE('',*,*,#1575,.F.);
#2025=ORIENTED_EDGE('',*,*,#1576,.F.);
#2026=ORIENTED_EDGE('',*,*,#1577,.F.);
#2027=ORIENTED_EDGE('',*,*,#1578,.F.);
#2028=ORIENTED_EDGE('',*,*,#1579,.F.);
#2029=ORIENTED_EDGE('',*,*,#1580,.F.);
#2030=ORIENTED_EDGE('',*,*,#1581,.F.);
#2031=ORIENTED_EDGE('',*,*,#1582,.F.);
#2032=ORIENTED_EDGE('',*,*,#1583,.F.);
#2033=ORIENTED_EDGE('',*,*,#1584,.F.);
#2034=ORIENTED_EDGE('',*,*,#1585,.F.);
#2035=ORIENTED_EDGE('',*,*,#1586,.F.);
#2036=ORIENTED_EDGE('',*,*,#1587,.F.);
#2037=ORIENTED_EDGE('',*,*,#1588,.T.);
#2038=ORIENTED_EDGE('',*,*,#1589,.F.);
#2039=ORIENTED_EDGE('',*,*,#1590,.F.);
#2040=ORIENTED_EDGE('',*,*,#1588,.F.);
#2041=ORIENTED_EDGE('',*,*,#1591,.F.);
#2042=ORIENTED_EDGE('',*,*,#1592,.T.);
#2043=ORIENTED_EDGE('',*,*,#1593,.F.);
#2044=ORIENTED_EDGE('',*,*,#1592,.F.);
#2045=ORIENTED_EDGE('',*,*,#1594,.F.);
#2046=ORIENTED_EDGE('',*,*,#1595,.T.);
#2047=ORIENTED_EDGE('',*,*,#1596,.F.);
#2048=ORIENTED_EDGE('',*,*,#1595,.F.);
#2049=ORIENTED_EDGE('',*,*,#1597,.F.);
#2050=ORIENTED_EDGE('',*,*,#1583,.T.);
#2051=ORIENTED_EDGE('',*,*,#1584,.T.);
#2052=ORIENTED_EDGE('',*,*,#1597,.T.);
#2053=ORIENTED_EDGE('',*,*,#1594,.T.);
#2054=ORIENTED_EDGE('',*,*,#1591,.T.);
#2055=ORIENTED_EDGE('',*,*,#1587,.T.);
#2056=ORIENTED_EDGE('',*,*,#1598,.F.);
#2057=ORIENTED_EDGE('',*,*,#1599,.F.);
#2058=ORIENTED_EDGE('',*,*,#1600,.F.);
#2059=ORIENTED_EDGE('',*,*,#1601,.T.);
#2060=ORIENTED_EDGE('',*,*,#1602,.F.);
#2061=ORIENTED_EDGE('',*,*,#1585,.T.);
#2062=ORIENTED_EDGE('',*,*,#1602,.T.);
#2063=ORIENTED_EDGE('',*,*,#1603,.T.);
#2064=ORIENTED_EDGE('',*,*,#1604,.T.);
#2065=ORIENTED_EDGE('',*,*,#1605,.T.);
#2066=ORIENTED_EDGE('',*,*,#1606,.T.);
#2067=ORIENTED_EDGE('',*,*,#1607,.T.);
#2068=ORIENTED_EDGE('',*,*,#1608,.T.);
#2069=ORIENTED_EDGE('',*,*,#1609,.T.);
#2070=ORIENTED_EDGE('',*,*,#1598,.T.);
#2071=ORIENTED_EDGE('',*,*,#1586,.T.);
#2072=ORIENTED_EDGE('',*,*,#1610,.T.);
#2073=ORIENTED_EDGE('',*,*,#1611,.T.);
#2074=ORIENTED_EDGE('',*,*,#1612,.T.);
#2075=ORIENTED_EDGE('',*,*,#1613,.T.);
#2076=ORIENTED_EDGE('',*,*,#1614,.T.);
#2077=ORIENTED_EDGE('',*,*,#1615,.T.);
#2078=ORIENTED_EDGE('',*,*,#1616,.T.);
#2079=ORIENTED_EDGE('',*,*,#1617,.T.);
#2080=ORIENTED_EDGE('',*,*,#1618,.T.);
#2081=ORIENTED_EDGE('',*,*,#1619,.F.);
#2082=ORIENTED_EDGE('',*,*,#1620,.T.);
#2083=ORIENTED_EDGE('',*,*,#1617,.F.);
#2084=ORIENTED_EDGE('',*,*,#1621,.F.);
#2085=ORIENTED_EDGE('',*,*,#1622,.F.);
#2086=ORIENTED_EDGE('',*,*,#1621,.T.);
#2087=ORIENTED_EDGE('',*,*,#1616,.F.);
#2088=ORIENTED_EDGE('',*,*,#1623,.F.);
#2089=ORIENTED_EDGE('',*,*,#1624,.F.);
#2090=ORIENTED_EDGE('',*,*,#1623,.T.);
#2091=ORIENTED_EDGE('',*,*,#1615,.F.);
#2092=ORIENTED_EDGE('',*,*,#1625,.F.);
#2093=ORIENTED_EDGE('',*,*,#1626,.F.);
#2094=ORIENTED_EDGE('',*,*,#1625,.T.);
#2095=ORIENTED_EDGE('',*,*,#1614,.F.);
#2096=ORIENTED_EDGE('',*,*,#1627,.F.);
#2097=ORIENTED_EDGE('',*,*,#1628,.F.);
#2098=ORIENTED_EDGE('',*,*,#1627,.T.);
#2099=ORIENTED_EDGE('',*,*,#1613,.F.);
#2100=ORIENTED_EDGE('',*,*,#1629,.F.);
#2101=ORIENTED_EDGE('',*,*,#1630,.F.);
#2102=ORIENTED_EDGE('',*,*,#1629,.T.);
#2103=ORIENTED_EDGE('',*,*,#1612,.F.);
#2104=ORIENTED_EDGE('',*,*,#1631,.F.);
#2105=ORIENTED_EDGE('',*,*,#1632,.F.);
#2106=ORIENTED_EDGE('',*,*,#1631,.T.);
#2107=ORIENTED_EDGE('',*,*,#1611,.F.);
#2108=ORIENTED_EDGE('',*,*,#1633,.F.);
#2109=ORIENTED_EDGE('',*,*,#1582,.T.);
#2110=ORIENTED_EDGE('',*,*,#1618,.F.);
#2111=ORIENTED_EDGE('',*,*,#1620,.F.);
#2112=ORIENTED_EDGE('',*,*,#1634,.F.);
#2113=ORIENTED_EDGE('',*,*,#1633,.T.);
#2114=ORIENTED_EDGE('',*,*,#1610,.F.);
#2115=ORIENTED_EDGE('',*,*,#1589,.T.);
#2116=ORIENTED_EDGE('',*,*,#1590,.T.);
#2117=ORIENTED_EDGE('',*,*,#1593,.T.);
#2118=ORIENTED_EDGE('',*,*,#1596,.T.);
#2119=ORIENTED_EDGE('',*,*,#1619,.T.);
#2120=ORIENTED_EDGE('',*,*,#1622,.T.);
#2121=ORIENTED_EDGE('',*,*,#1624,.T.);
#2122=ORIENTED_EDGE('',*,*,#1626,.T.);
#2123=ORIENTED_EDGE('',*,*,#1628,.T.);
#2124=ORIENTED_EDGE('',*,*,#1630,.T.);
#2125=ORIENTED_EDGE('',*,*,#1632,.T.);
#2126=ORIENTED_EDGE('',*,*,#1634,.T.);
#2127=ORIENTED_EDGE('',*,*,#1635,.F.);
#2128=ORIENTED_EDGE('',*,*,#1636,.F.);
#2129=ORIENTED_EDGE('',*,*,#1637,.F.);
#2130=ORIENTED_EDGE('',*,*,#1638,.F.);
#2131=ORIENTED_EDGE('',*,*,#1639,.F.);
#2132=ORIENTED_EDGE('',*,*,#1640,.F.);
#2133=ORIENTED_EDGE('',*,*,#1641,.F.);
#2134=ORIENTED_EDGE('',*,*,#1642,.F.);
#2135=ORIENTED_EDGE('',*,*,#1639,.T.);
#2136=ORIENTED_EDGE('',*,*,#1643,.F.);
#2137=ORIENTED_EDGE('',*,*,#1644,.T.);
#2138=ORIENTED_EDGE('',*,*,#1645,.T.);
#2139=ORIENTED_EDGE('',*,*,#1575,.T.);
#2140=ORIENTED_EDGE('',*,*,#1646,.F.);
#2141=ORIENTED_EDGE('',*,*,#1637,.T.);
#2142=ORIENTED_EDGE('',*,*,#1647,.F.);
#2143=ORIENTED_EDGE('',*,*,#1648,.T.);
#2144=ORIENTED_EDGE('',*,*,#1649,.T.);
#2145=ORIENTED_EDGE('',*,*,#1579,.T.);
#2146=ORIENTED_EDGE('',*,*,#1650,.T.);
#2147=ORIENTED_EDGE('',*,*,#1651,.T.);
#2148=ORIENTED_EDGE('',*,*,#1652,.T.);
#2149=ORIENTED_EDGE('',*,*,#1653,.F.);
#2150=ORIENTED_EDGE('',*,*,#1654,.F.);
#2151=ORIENTED_EDGE('',*,*,#1655,.T.);
#2152=ORIENTED_EDGE('',*,*,#1604,.F.);
#2153=ORIENTED_EDGE('',*,*,#1601,.F.);
#2154=ORIENTED_EDGE('',*,*,#1656,.T.);
#2155=ORIENTED_EDGE('',*,*,#1653,.T.);
#2156=ORIENTED_EDGE('',*,*,#1603,.F.);
#2157=ORIENTED_EDGE('',*,*,#1657,.F.);
#2158=ORIENTED_EDGE('',*,*,#1658,.T.);
#2159=ORIENTED_EDGE('',*,*,#1599,.T.);
#2160=ORIENTED_EDGE('',*,*,#1609,.F.);
#2161=ORIENTED_EDGE('',*,*,#1642,.T.);
#2162=ORIENTED_EDGE('',*,*,#1659,.F.);
#2163=ORIENTED_EDGE('',*,*,#1660,.T.);
#2164=ORIENTED_EDGE('',*,*,#1661,.T.);
#2165=ORIENTED_EDGE('',*,*,#1568,.T.);
#2166=ORIENTED_EDGE('',*,*,#1662,.F.);
#2167=ORIENTED_EDGE('',*,*,#1641,.T.);
#2168=ORIENTED_EDGE('',*,*,#1663,.F.);
#2169=ORIENTED_EDGE('',*,*,#1664,.T.);
#2170=ORIENTED_EDGE('',*,*,#1659,.T.);
#2171=ORIENTED_EDGE('',*,*,#1638,.T.);
#2172=ORIENTED_EDGE('',*,*,#1652,.F.);
#2173=ORIENTED_EDGE('',*,*,#1665,.T.);
#2174=ORIENTED_EDGE('',*,*,#1643,.T.);
#2175=ORIENTED_EDGE('',*,*,#1636,.T.);
#2176=ORIENTED_EDGE('',*,*,#1666,.F.);
#2177=ORIENTED_EDGE('',*,*,#1667,.T.);
#2178=ORIENTED_EDGE('',*,*,#1647,.T.);
#2179=ORIENTED_EDGE('',*,*,#1668,.T.);
#2180=ORIENTED_EDGE('',*,*,#1669,.F.);
#2181=ORIENTED_EDGE('',*,*,#1670,.F.);
#2182=ORIENTED_EDGE('',*,*,#1566,.T.);
#2183=ORIENTED_EDGE('',*,*,#1649,.F.);
#2184=ORIENTED_EDGE('',*,*,#1671,.F.);
#2185=ORIENTED_EDGE('',*,*,#1672,.T.);
#2186=ORIENTED_EDGE('',*,*,#1580,.T.);
#2187=ORIENTED_EDGE('',*,*,#1672,.F.);
#2188=ORIENTED_EDGE('',*,*,#1673,.F.);
#2189=ORIENTED_EDGE('',*,*,#1668,.F.);
#2190=ORIENTED_EDGE('',*,*,#1581,.T.);
#2191=ORIENTED_EDGE('',*,*,#1673,.T.);
#2192=ORIENTED_EDGE('',*,*,#1671,.T.);
#2193=ORIENTED_EDGE('',*,*,#1648,.F.);
#2194=ORIENTED_EDGE('',*,*,#1667,.F.);
#2195=ORIENTED_EDGE('',*,*,#1674,.F.);
#2196=ORIENTED_EDGE('',*,*,#1669,.T.);
#2197=ORIENTED_EDGE('',*,*,#1675,.T.);
#2198=ORIENTED_EDGE('',*,*,#1635,.T.);
#2199=ORIENTED_EDGE('',*,*,#1662,.T.);
#2200=ORIENTED_EDGE('',*,*,#1567,.T.);
#2201=ORIENTED_EDGE('',*,*,#1670,.T.);
#2202=ORIENTED_EDGE('',*,*,#1674,.T.);
#2203=ORIENTED_EDGE('',*,*,#1666,.T.);
#2204=ORIENTED_EDGE('',*,*,#1676,.T.);
#2205=ORIENTED_EDGE('',*,*,#1677,.F.);
#2206=ORIENTED_EDGE('',*,*,#1678,.T.);
#2207=ORIENTED_EDGE('',*,*,#1577,.T.);
#2208=ORIENTED_EDGE('',*,*,#1678,.F.);
#2209=ORIENTED_EDGE('',*,*,#1679,.F.);
#2210=ORIENTED_EDGE('',*,*,#1650,.F.);
#2211=ORIENTED_EDGE('',*,*,#1578,.T.);
#2212=ORIENTED_EDGE('',*,*,#1645,.F.);
#2213=ORIENTED_EDGE('',*,*,#1680,.F.);
#2214=ORIENTED_EDGE('',*,*,#1676,.F.);
#2215=ORIENTED_EDGE('',*,*,#1576,.T.);
#2216=ORIENTED_EDGE('',*,*,#1680,.T.);
#2217=ORIENTED_EDGE('',*,*,#1644,.F.);
#2218=ORIENTED_EDGE('',*,*,#1665,.F.);
#2219=ORIENTED_EDGE('',*,*,#1651,.F.);
#2220=ORIENTED_EDGE('',*,*,#1679,.T.);
#2221=ORIENTED_EDGE('',*,*,#1677,.T.);
#2222=ORIENTED_EDGE('',*,*,#1681,.T.);
#2223=ORIENTED_EDGE('',*,*,#1682,.T.);
#2224=ORIENTED_EDGE('',*,*,#1683,.T.);
#2225=ORIENTED_EDGE('',*,*,#1684,.T.);
#2226=ORIENTED_EDGE('',*,*,#1685,.T.);
#2227=ORIENTED_EDGE('',*,*,#1660,.F.);
#2228=ORIENTED_EDGE('',*,*,#1664,.F.);
#2229=ORIENTED_EDGE('',*,*,#1686,.F.);
#2230=ORIENTED_EDGE('',*,*,#1687,.T.);
#2231=ORIENTED_EDGE('',*,*,#1688,.T.);
#2232=ORIENTED_EDGE('',*,*,#1689,.T.);
#2233=ORIENTED_EDGE('',*,*,#1690,.T.);
#2234=ORIENTED_EDGE('',*,*,#1687,.F.);
#2235=ORIENTED_EDGE('',*,*,#1691,.F.);
#2236=ORIENTED_EDGE('',*,*,#1573,.T.);
#2237=ORIENTED_EDGE('',*,*,#1661,.F.);
#2238=ORIENTED_EDGE('',*,*,#1685,.F.);
#2239=ORIENTED_EDGE('',*,*,#1692,.T.);
#2240=ORIENTED_EDGE('',*,*,#1569,.T.);
#2241=ORIENTED_EDGE('',*,*,#1692,.F.);
#2242=ORIENTED_EDGE('',*,*,#1684,.F.);
#2243=ORIENTED_EDGE('',*,*,#1693,.T.);
#2244=ORIENTED_EDGE('',*,*,#1570,.T.);
#2245=ORIENTED_EDGE('',*,*,#1693,.F.);
#2246=ORIENTED_EDGE('',*,*,#1683,.F.);
#2247=ORIENTED_EDGE('',*,*,#1694,.T.);
#2248=ORIENTED_EDGE('',*,*,#1571,.T.);
#2249=ORIENTED_EDGE('',*,*,#1694,.F.);
#2250=ORIENTED_EDGE('',*,*,#1682,.F.);
#2251=ORIENTED_EDGE('',*,*,#1690,.F.);
#2252=ORIENTED_EDGE('',*,*,#1572,.T.);
#2253=ORIENTED_EDGE('',*,*,#1640,.T.);
#2254=ORIENTED_EDGE('',*,*,#1646,.T.);
#2255=ORIENTED_EDGE('',*,*,#1574,.T.);
#2256=ORIENTED_EDGE('',*,*,#1691,.T.);
#2257=ORIENTED_EDGE('',*,*,#1686,.T.);
#2258=ORIENTED_EDGE('',*,*,#1663,.T.);
#2259=ORIENTED_EDGE('',*,*,#1695,.F.);
#2260=ORIENTED_EDGE('',*,*,#1696,.T.);
#2261=ORIENTED_EDGE('',*,*,#1697,.F.);
#2262=ORIENTED_EDGE('',*,*,#1698,.T.);
#2263=ORIENTED_EDGE('',*,*,#1695,.T.);
#2264=ORIENTED_EDGE('',*,*,#1698,.F.);
#2265=ORIENTED_EDGE('',*,*,#1696,.F.);
#2266=ORIENTED_EDGE('',*,*,#1699,.T.);
#2267=ORIENTED_EDGE('',*,*,#1675,.F.);
#2268=ORIENTED_EDGE('',*,*,#1699,.F.);
#2269=ORIENTED_EDGE('',*,*,#1700,.F.);
#2270=ORIENTED_EDGE('',*,*,#1701,.T.);
#2271=ORIENTED_EDGE('',*,*,#1702,.F.);
#2272=ORIENTED_EDGE('',*,*,#1703,.T.);
#2273=ORIENTED_EDGE('',*,*,#1700,.T.);
#2274=ORIENTED_EDGE('',*,*,#1703,.F.);
#2275=ORIENTED_EDGE('',*,*,#1701,.F.);
#2276=ORIENTED_EDGE('',*,*,#1704,.T.);
#2277=ORIENTED_EDGE('',*,*,#1681,.F.);
#2278=ORIENTED_EDGE('',*,*,#1704,.F.);
#2279=ORIENTED_EDGE('',*,*,#1705,.F.);
#2280=ORIENTED_EDGE('',*,*,#1706,.T.);
#2281=ORIENTED_EDGE('',*,*,#1707,.F.);
#2282=ORIENTED_EDGE('',*,*,#1708,.T.);
#2283=ORIENTED_EDGE('',*,*,#1705,.T.);
#2284=ORIENTED_EDGE('',*,*,#1708,.F.);
#2285=ORIENTED_EDGE('',*,*,#1706,.F.);
#2286=ORIENTED_EDGE('',*,*,#1709,.T.);
#2287=ORIENTED_EDGE('',*,*,#1688,.F.);
#2288=ORIENTED_EDGE('',*,*,#1709,.F.);
#2289=ORIENTED_EDGE('',*,*,#1710,.F.);
#2290=ORIENTED_EDGE('',*,*,#1711,.T.);
#2291=ORIENTED_EDGE('',*,*,#1712,.F.);
#2292=ORIENTED_EDGE('',*,*,#1713,.T.);
#2293=ORIENTED_EDGE('',*,*,#1710,.T.);
#2294=ORIENTED_EDGE('',*,*,#1713,.F.);
#2295=ORIENTED_EDGE('',*,*,#1711,.F.);
#2296=ORIENTED_EDGE('',*,*,#1714,.T.);
#2297=ORIENTED_EDGE('',*,*,#1689,.F.);
#2298=ORIENTED_EDGE('',*,*,#1714,.F.);
#2299=ORIENTED_EDGE('',*,*,#1715,.F.);
#2300=ORIENTED_EDGE('',*,*,#1716,.F.);
#2301=ORIENTED_EDGE('',*,*,#1657,.T.);
#2302=ORIENTED_EDGE('',*,*,#1608,.F.);
#2303=ORIENTED_EDGE('',*,*,#1717,.F.);
#2304=ORIENTED_EDGE('',*,*,#1718,.T.);
#2305=ORIENTED_EDGE('',*,*,#1715,.T.);
#2306=ORIENTED_EDGE('',*,*,#1607,.F.);
#2307=ORIENTED_EDGE('',*,*,#1719,.F.);
#2308=ORIENTED_EDGE('',*,*,#1720,.F.);
#2309=ORIENTED_EDGE('',*,*,#1717,.T.);
#2310=ORIENTED_EDGE('',*,*,#1606,.F.);
#2311=ORIENTED_EDGE('',*,*,#1655,.F.);
#2312=ORIENTED_EDGE('',*,*,#1721,.T.);
#2313=ORIENTED_EDGE('',*,*,#1719,.T.);
#2314=ORIENTED_EDGE('',*,*,#1605,.F.);
#2315=ORIENTED_EDGE('',*,*,#1658,.F.);
#2316=ORIENTED_EDGE('',*,*,#1716,.T.);
#2317=ORIENTED_EDGE('',*,*,#1718,.F.);
#2318=ORIENTED_EDGE('',*,*,#1720,.T.);
#2319=ORIENTED_EDGE('',*,*,#1721,.F.);
#2320=ORIENTED_EDGE('',*,*,#1654,.T.);
#2321=ORIENTED_EDGE('',*,*,#1656,.F.);
#2322=ORIENTED_EDGE('',*,*,#1600,.T.);
#2323=ORIENTED_EDGE('',*,*,#1697,.T.);
#2324=ORIENTED_EDGE('',*,*,#1702,.T.);
#2325=ORIENTED_EDGE('',*,*,#1707,.T.);
#2326=ORIENTED_EDGE('',*,*,#1712,.T.);
#2327=ORIENTED_EDGE('',*,*,#1722,.T.);
#2328=ORIENTED_EDGE('',*,*,#1723,.T.);
#2329=ORIENTED_EDGE('',*,*,#1724,.F.);
#2330=ORIENTED_EDGE('',*,*,#1725,.F.);
#2331=ORIENTED_EDGE('',*,*,#1726,.T.);
#2332=ORIENTED_EDGE('',*,*,#1727,.F.);
#2333=ORIENTED_EDGE('',*,*,#1728,.T.);
#2334=ORIENTED_EDGE('',*,*,#1729,.T.);
#2335=ORIENTED_EDGE('',*,*,#1730,.T.);
#2336=ORIENTED_EDGE('',*,*,#1731,.F.);
#2337=ORIENTED_EDGE('',*,*,#1732,.F.);
#2338=ORIENTED_EDGE('',*,*,#1733,.T.);
#2339=ORIENTED_EDGE('',*,*,#1734,.T.);
#2340=ORIENTED_EDGE('',*,*,#1735,.T.);
#2341=ORIENTED_EDGE('',*,*,#1736,.F.);
#2342=ORIENTED_EDGE('',*,*,#1737,.T.);
#2343=ORIENTED_EDGE('',*,*,#1738,.T.);
#2344=ORIENTED_EDGE('',*,*,#1739,.T.);
#2345=ORIENTED_EDGE('',*,*,#1740,.F.);
#2346=ORIENTED_EDGE('',*,*,#1741,.F.);
#2347=ORIENTED_EDGE('',*,*,#1742,.T.);
#2348=ORIENTED_EDGE('',*,*,#1743,.T.);
#2349=ORIENTED_EDGE('',*,*,#1744,.T.);
#2350=ORIENTED_EDGE('',*,*,#1745,.T.);
#2351=ORIENTED_EDGE('',*,*,#1746,.F.);
#2352=ORIENTED_EDGE('',*,*,#1747,.F.);
#2353=ORIENTED_EDGE('',*,*,#1748,.F.);
#2354=ORIENTED_EDGE('',*,*,#1749,.F.);
#2355=ORIENTED_EDGE('',*,*,#1750,.F.);
#2356=ORIENTED_EDGE('',*,*,#1751,.F.);
#2357=ORIENTED_EDGE('',*,*,#1752,.F.);
#2358=ORIENTED_EDGE('',*,*,#1753,.F.);
#2359=ORIENTED_EDGE('',*,*,#1754,.F.);
#2360=ORIENTED_EDGE('',*,*,#1722,.F.);
#2361=ORIENTED_EDGE('',*,*,#1755,.F.);
#2362=ORIENTED_EDGE('',*,*,#1756,.F.);
#2363=ORIENTED_EDGE('',*,*,#1757,.F.);
#2364=ORIENTED_EDGE('',*,*,#1758,.F.);
#2365=ORIENTED_EDGE('',*,*,#1726,.F.);
#2366=ORIENTED_EDGE('',*,*,#1759,.F.);
#2367=ORIENTED_EDGE('',*,*,#1760,.F.);
#2368=ORIENTED_EDGE('',*,*,#1761,.T.);
#2369=ORIENTED_EDGE('',*,*,#1762,.F.);
#2370=ORIENTED_EDGE('',*,*,#1763,.F.);
#2371=ORIENTED_EDGE('',*,*,#1764,.F.);
#2372=ORIENTED_EDGE('',*,*,#1765,.T.);
#2373=ORIENTED_EDGE('',*,*,#1766,.F.);
#2374=ORIENTED_EDGE('',*,*,#1761,.F.);
#2375=ORIENTED_EDGE('',*,*,#1767,.F.);
#2376=ORIENTED_EDGE('',*,*,#1768,.T.);
#2377=ORIENTED_EDGE('',*,*,#1769,.F.);
#2378=ORIENTED_EDGE('',*,*,#1765,.F.);
#2379=ORIENTED_EDGE('',*,*,#1770,.F.);
#2380=ORIENTED_EDGE('',*,*,#1757,.T.);
#2381=ORIENTED_EDGE('',*,*,#1771,.F.);
#2382=ORIENTED_EDGE('',*,*,#1768,.F.);
#2383=ORIENTED_EDGE('',*,*,#1772,.F.);
#2384=ORIENTED_EDGE('',*,*,#1773,.T.);
#2385=ORIENTED_EDGE('',*,*,#1774,.T.);
#2386=ORIENTED_EDGE('',*,*,#1728,.F.);
#2387=ORIENTED_EDGE('',*,*,#1775,.F.);
#2388=ORIENTED_EDGE('',*,*,#1776,.T.);
#2389=ORIENTED_EDGE('',*,*,#1777,.T.);
#2390=ORIENTED_EDGE('',*,*,#1773,.F.);
#2391=ORIENTED_EDGE('',*,*,#1778,.F.);
#2392=ORIENTED_EDGE('',*,*,#1779,.T.);
#2393=ORIENTED_EDGE('',*,*,#1780,.T.);
#2394=ORIENTED_EDGE('',*,*,#1776,.F.);
#2395=ORIENTED_EDGE('',*,*,#1781,.F.);
#2396=ORIENTED_EDGE('',*,*,#1782,.T.);
#2397=ORIENTED_EDGE('',*,*,#1783,.T.);
#2398=ORIENTED_EDGE('',*,*,#1779,.F.);
#2399=ORIENTED_EDGE('',*,*,#1784,.F.);
#2400=ORIENTED_EDGE('',*,*,#1785,.T.);
#2401=ORIENTED_EDGE('',*,*,#1786,.T.);
#2402=ORIENTED_EDGE('',*,*,#1782,.F.);
#2403=ORIENTED_EDGE('',*,*,#1787,.F.);
#2404=ORIENTED_EDGE('',*,*,#1788,.T.);
#2405=ORIENTED_EDGE('',*,*,#1789,.T.);
#2406=ORIENTED_EDGE('',*,*,#1785,.F.);
#2407=ORIENTED_EDGE('',*,*,#1790,.F.);
#2408=ORIENTED_EDGE('',*,*,#1724,.T.);
#2409=ORIENTED_EDGE('',*,*,#1791,.T.);
#2410=ORIENTED_EDGE('',*,*,#1788,.F.);
#2411=ORIENTED_EDGE('',*,*,#1759,.T.);
#2412=ORIENTED_EDGE('',*,*,#1729,.F.);
#2413=ORIENTED_EDGE('',*,*,#1774,.F.);
#2414=ORIENTED_EDGE('',*,*,#1777,.F.);
#2415=ORIENTED_EDGE('',*,*,#1780,.F.);
#2416=ORIENTED_EDGE('',*,*,#1783,.F.);
#2417=ORIENTED_EDGE('',*,*,#1786,.F.);
#2418=ORIENTED_EDGE('',*,*,#1789,.F.);
#2419=ORIENTED_EDGE('',*,*,#1791,.F.);
#2420=ORIENTED_EDGE('',*,*,#1723,.F.);
#2421=ORIENTED_EDGE('',*,*,#1754,.T.);
#2422=ORIENTED_EDGE('',*,*,#1792,.F.);
#2423=ORIENTED_EDGE('',*,*,#1793,.F.);
#2424=ORIENTED_EDGE('',*,*,#1794,.F.);
#2425=ORIENTED_EDGE('',*,*,#1795,.F.);
#2426=ORIENTED_EDGE('',*,*,#1796,.F.);
#2427=ORIENTED_EDGE('',*,*,#1797,.F.);
#2428=ORIENTED_EDGE('',*,*,#1798,.F.);
#2429=ORIENTED_EDGE('',*,*,#1799,.F.);
#2430=ORIENTED_EDGE('',*,*,#1800,.F.);
#2431=ORIENTED_EDGE('',*,*,#1796,.T.);
#2432=ORIENTED_EDGE('',*,*,#1801,.T.);
#2433=ORIENTED_EDGE('',*,*,#1802,.F.);
#2434=ORIENTED_EDGE('',*,*,#1803,.F.);
#2435=ORIENTED_EDGE('',*,*,#1795,.T.);
#2436=ORIENTED_EDGE('',*,*,#1804,.T.);
#2437=ORIENTED_EDGE('',*,*,#1805,.F.);
#2438=ORIENTED_EDGE('',*,*,#1801,.F.);
#2439=ORIENTED_EDGE('',*,*,#1794,.T.);
#2440=ORIENTED_EDGE('',*,*,#1806,.T.);
#2441=ORIENTED_EDGE('',*,*,#1807,.F.);
#2442=ORIENTED_EDGE('',*,*,#1804,.F.);
#2443=ORIENTED_EDGE('',*,*,#1793,.T.);
#2444=ORIENTED_EDGE('',*,*,#1808,.T.);
#2445=ORIENTED_EDGE('',*,*,#1809,.F.);
#2446=ORIENTED_EDGE('',*,*,#1806,.F.);
#2447=ORIENTED_EDGE('',*,*,#1760,.T.);
#2448=ORIENTED_EDGE('',*,*,#1800,.T.);
#2449=ORIENTED_EDGE('',*,*,#1810,.T.);
#2450=ORIENTED_EDGE('',*,*,#1811,.F.);
#2451=ORIENTED_EDGE('',*,*,#1808,.F.);
#2452=ORIENTED_EDGE('',*,*,#1792,.T.);
#2453=ORIENTED_EDGE('',*,*,#1758,.T.);
#2454=ORIENTED_EDGE('',*,*,#1770,.T.);
#2455=ORIENTED_EDGE('',*,*,#1767,.T.);
#2456=ORIENTED_EDGE('',*,*,#1764,.T.);
#2457=ORIENTED_EDGE('',*,*,#1799,.T.);
#2458=ORIENTED_EDGE('',*,*,#1812,.T.);
#2459=ORIENTED_EDGE('',*,*,#1813,.F.);
#2460=ORIENTED_EDGE('',*,*,#1810,.F.);
#2461=ORIENTED_EDGE('',*,*,#1798,.T.);
#2462=ORIENTED_EDGE('',*,*,#1814,.T.);
#2463=ORIENTED_EDGE('',*,*,#1815,.F.);
#2464=ORIENTED_EDGE('',*,*,#1812,.F.);
#2465=ORIENTED_EDGE('',*,*,#1816,.T.);
#2466=ORIENTED_EDGE('',*,*,#1762,.T.);
#2467=ORIENTED_EDGE('',*,*,#1766,.T.);
#2468=ORIENTED_EDGE('',*,*,#1769,.T.);
#2469=ORIENTED_EDGE('',*,*,#1771,.T.);
#2470=ORIENTED_EDGE('',*,*,#1756,.T.);
#2471=ORIENTED_EDGE('',*,*,#1817,.F.);
#2472=ORIENTED_EDGE('',*,*,#1818,.T.);
#2473=ORIENTED_EDGE('',*,*,#1736,.T.);
#2474=ORIENTED_EDGE('',*,*,#1819,.T.);
#2475=ORIENTED_EDGE('',*,*,#1820,.F.);
#2476=ORIENTED_EDGE('',*,*,#1733,.F.);
#2477=ORIENTED_EDGE('',*,*,#1821,.F.);
#2478=ORIENTED_EDGE('',*,*,#1822,.F.);
#2479=ORIENTED_EDGE('',*,*,#1823,.F.);
#2480=ORIENTED_EDGE('',*,*,#1735,.F.);
#2481=ORIENTED_EDGE('',*,*,#1824,.T.);
#2482=ORIENTED_EDGE('',*,*,#1825,.F.);
#2483=ORIENTED_EDGE('',*,*,#1819,.F.);
#2484=ORIENTED_EDGE('',*,*,#1734,.F.);
#2485=ORIENTED_EDGE('',*,*,#1823,.T.);
#2486=ORIENTED_EDGE('',*,*,#1826,.F.);
#2487=ORIENTED_EDGE('',*,*,#1824,.F.);
#2488=ORIENTED_EDGE('',*,*,#1827,.T.);
#2489=ORIENTED_EDGE('',*,*,#1828,.T.);
#2490=ORIENTED_EDGE('',*,*,#1816,.F.);
#2491=ORIENTED_EDGE('',*,*,#1828,.F.);
#2492=ORIENTED_EDGE('',*,*,#1829,.T.);
#2493=ORIENTED_EDGE('',*,*,#1830,.F.);
#2494=ORIENTED_EDGE('',*,*,#1831,.T.);
#2495=ORIENTED_EDGE('',*,*,#1740,.T.);
#2496=ORIENTED_EDGE('',*,*,#1832,.T.);
#2497=ORIENTED_EDGE('',*,*,#1737,.F.);
#2498=ORIENTED_EDGE('',*,*,#1818,.F.);
#2499=ORIENTED_EDGE('',*,*,#1833,.F.);
#2500=ORIENTED_EDGE('',*,*,#1834,.F.);
#2501=ORIENTED_EDGE('',*,*,#1739,.F.);
#2502=ORIENTED_EDGE('',*,*,#1835,.T.);
#2503=ORIENTED_EDGE('',*,*,#1836,.F.);
#2504=ORIENTED_EDGE('',*,*,#1832,.F.);
#2505=ORIENTED_EDGE('',*,*,#1738,.F.);
#2506=ORIENTED_EDGE('',*,*,#1834,.T.);
#2507=ORIENTED_EDGE('',*,*,#1837,.F.);
#2508=ORIENTED_EDGE('',*,*,#1835,.F.);
#2509=ORIENTED_EDGE('',*,*,#1838,.T.);
#2510=ORIENTED_EDGE('',*,*,#1839,.T.);
#2511=ORIENTED_EDGE('',*,*,#1829,.F.);
#2512=ORIENTED_EDGE('',*,*,#1839,.F.);
#2513=ORIENTED_EDGE('',*,*,#1840,.T.);
#2514=ORIENTED_EDGE('',*,*,#1841,.T.);
#2515=ORIENTED_EDGE('',*,*,#1763,.T.);
#2516=ORIENTED_EDGE('',*,*,#1820,.T.);
#2517=ORIENTED_EDGE('',*,*,#1825,.T.);
#2518=ORIENTED_EDGE('',*,*,#1826,.T.);
#2519=ORIENTED_EDGE('',*,*,#1822,.T.);
#2520=ORIENTED_EDGE('',*,*,#1842,.T.);
#2521=ORIENTED_EDGE('',*,*,#1843,.T.);
#2522=ORIENTED_EDGE('',*,*,#1844,.T.);
#2523=ORIENTED_EDGE('',*,*,#1845,.T.);
#2524=ORIENTED_EDGE('',*,*,#1846,.T.);
#2525=ORIENTED_EDGE('',*,*,#1847,.T.);
#2526=ORIENTED_EDGE('',*,*,#1848,.T.);
#2527=ORIENTED_EDGE('',*,*,#1849,.T.);
#2528=ORIENTED_EDGE('',*,*,#1830,.T.);
#2529=ORIENTED_EDGE('',*,*,#1836,.T.);
#2530=ORIENTED_EDGE('',*,*,#1837,.T.);
#2531=ORIENTED_EDGE('',*,*,#1833,.T.);
#2532=ORIENTED_EDGE('',*,*,#1817,.T.);
#2533=ORIENTED_EDGE('',*,*,#1755,.T.);
#2534=ORIENTED_EDGE('',*,*,#1725,.T.);
#2535=ORIENTED_EDGE('',*,*,#1790,.T.);
#2536=ORIENTED_EDGE('',*,*,#1787,.T.);
#2537=ORIENTED_EDGE('',*,*,#1784,.T.);
#2538=ORIENTED_EDGE('',*,*,#1781,.T.);
#2539=ORIENTED_EDGE('',*,*,#1778,.T.);
#2540=ORIENTED_EDGE('',*,*,#1775,.T.);
#2541=ORIENTED_EDGE('',*,*,#1772,.T.);
#2542=ORIENTED_EDGE('',*,*,#1727,.T.);
#2543=ORIENTED_EDGE('',*,*,#1850,.T.);
#2544=ORIENTED_EDGE('',*,*,#1851,.T.);
#2545=ORIENTED_EDGE('',*,*,#1852,.T.);
#2546=ORIENTED_EDGE('',*,*,#1853,.T.);
#2547=ORIENTED_EDGE('',*,*,#1742,.F.);
#2548=ORIENTED_EDGE('',*,*,#1854,.F.);
#2549=ORIENTED_EDGE('',*,*,#1848,.F.);
#2550=ORIENTED_EDGE('',*,*,#1855,.F.);
#2551=ORIENTED_EDGE('',*,*,#1730,.F.);
#2552=ORIENTED_EDGE('',*,*,#1856,.T.);
#2553=ORIENTED_EDGE('',*,*,#1844,.F.);
#2554=ORIENTED_EDGE('',*,*,#1857,.F.);
#2555=ORIENTED_EDGE('',*,*,#1745,.F.);
#2556=ORIENTED_EDGE('',*,*,#1858,.T.);
#2557=ORIENTED_EDGE('',*,*,#1845,.F.);
#2558=ORIENTED_EDGE('',*,*,#1856,.F.);
#2559=ORIENTED_EDGE('',*,*,#1744,.F.);
#2560=ORIENTED_EDGE('',*,*,#1859,.T.);
#2561=ORIENTED_EDGE('',*,*,#1846,.F.);
#2562=ORIENTED_EDGE('',*,*,#1858,.F.);
#2563=ORIENTED_EDGE('',*,*,#1743,.F.);
#2564=ORIENTED_EDGE('',*,*,#1855,.T.);
#2565=ORIENTED_EDGE('',*,*,#1847,.F.);
#2566=ORIENTED_EDGE('',*,*,#1859,.F.);
#2567=ORIENTED_EDGE('',*,*,#1860,.T.);
#2568=ORIENTED_EDGE('',*,*,#1861,.T.);
#2569=ORIENTED_EDGE('',*,*,#1841,.F.);
#2570=ORIENTED_EDGE('',*,*,#1861,.F.);
#2571=ORIENTED_EDGE('',*,*,#1862,.T.);
#2572=ORIENTED_EDGE('',*,*,#1863,.T.);
#2573=ORIENTED_EDGE('',*,*,#1840,.F.);
#2574=ORIENTED_EDGE('',*,*,#1863,.F.);
#2575=ORIENTED_EDGE('',*,*,#1852,.F.);
#2576=ORIENTED_EDGE('',*,*,#1864,.T.);
#2577=ORIENTED_EDGE('',*,*,#1865,.T.);
#2578=ORIENTED_EDGE('',*,*,#1864,.F.);
#2579=ORIENTED_EDGE('',*,*,#1850,.F.);
#2580=ORIENTED_EDGE('',*,*,#1866,.T.);
#2581=ORIENTED_EDGE('',*,*,#1867,.T.);
#2582=ORIENTED_EDGE('',*,*,#1866,.F.);
#2583=ORIENTED_EDGE('',*,*,#1853,.F.);
#2584=ORIENTED_EDGE('',*,*,#1868,.T.);
#2585=ORIENTED_EDGE('',*,*,#1869,.T.);
#2586=ORIENTED_EDGE('',*,*,#1868,.F.);
#2587=ORIENTED_EDGE('',*,*,#1851,.F.);
#2588=ORIENTED_EDGE('',*,*,#1870,.T.);
#2589=ORIENTED_EDGE('',*,*,#1871,.T.);
#2590=ORIENTED_EDGE('',*,*,#1870,.F.);
#2591=ORIENTED_EDGE('',*,*,#1872,.T.);
#2592=ORIENTED_EDGE('',*,*,#1873,.T.);
#2593=ORIENTED_EDGE('',*,*,#1874,.T.);
#2594=ORIENTED_EDGE('',*,*,#1875,.T.);
#2595=ORIENTED_EDGE('',*,*,#1876,.T.);
#2596=ORIENTED_EDGE('',*,*,#1877,.T.);
#2597=ORIENTED_EDGE('',*,*,#1865,.F.);
#2598=ORIENTED_EDGE('',*,*,#1878,.F.);
#2599=ORIENTED_EDGE('',*,*,#1879,.F.);
#2600=ORIENTED_EDGE('',*,*,#1880,.F.);
#2601=ORIENTED_EDGE('',*,*,#1881,.F.);
#2602=ORIENTED_EDGE('',*,*,#1882,.F.);
#2603=ORIENTED_EDGE('',*,*,#1883,.F.);
#2604=ORIENTED_EDGE('',*,*,#1860,.F.);
#2605=ORIENTED_EDGE('',*,*,#1872,.F.);
#2606=ORIENTED_EDGE('',*,*,#1884,.T.);
#2607=ORIENTED_EDGE('',*,*,#1878,.T.);
#2608=ORIENTED_EDGE('',*,*,#1885,.F.);
#2609=ORIENTED_EDGE('',*,*,#1873,.F.);
#2610=ORIENTED_EDGE('',*,*,#1885,.T.);
#2611=ORIENTED_EDGE('',*,*,#1883,.T.);
#2612=ORIENTED_EDGE('',*,*,#1886,.F.);
#2613=ORIENTED_EDGE('',*,*,#1874,.F.);
#2614=ORIENTED_EDGE('',*,*,#1886,.T.);
#2615=ORIENTED_EDGE('',*,*,#1882,.T.);
#2616=ORIENTED_EDGE('',*,*,#1887,.F.);
#2617=ORIENTED_EDGE('',*,*,#1875,.F.);
#2618=ORIENTED_EDGE('',*,*,#1887,.T.);
#2619=ORIENTED_EDGE('',*,*,#1881,.T.);
#2620=ORIENTED_EDGE('',*,*,#1888,.F.);
#2621=ORIENTED_EDGE('',*,*,#1876,.F.);
#2622=ORIENTED_EDGE('',*,*,#1888,.T.);
#2623=ORIENTED_EDGE('',*,*,#1880,.T.);
#2624=ORIENTED_EDGE('',*,*,#1889,.F.);
#2625=ORIENTED_EDGE('',*,*,#1877,.F.);
#2626=ORIENTED_EDGE('',*,*,#1889,.T.);
#2627=ORIENTED_EDGE('',*,*,#1879,.T.);
#2628=ORIENTED_EDGE('',*,*,#1884,.F.);
#2629=ORIENTED_EDGE('',*,*,#1890,.T.);
#2630=ORIENTED_EDGE('',*,*,#1891,.T.);
#2631=ORIENTED_EDGE('',*,*,#1892,.T.);
#2632=ORIENTED_EDGE('',*,*,#1893,.T.);
#2633=ORIENTED_EDGE('',*,*,#1894,.T.);
#2634=ORIENTED_EDGE('',*,*,#1895,.T.);
#2635=ORIENTED_EDGE('',*,*,#1867,.F.);
#2636=ORIENTED_EDGE('',*,*,#1896,.F.);
#2637=ORIENTED_EDGE('',*,*,#1897,.F.);
#2638=ORIENTED_EDGE('',*,*,#1898,.F.);
#2639=ORIENTED_EDGE('',*,*,#1899,.F.);
#2640=ORIENTED_EDGE('',*,*,#1900,.F.);
#2641=ORIENTED_EDGE('',*,*,#1901,.F.);
#2642=ORIENTED_EDGE('',*,*,#1838,.F.);
#2643=ORIENTED_EDGE('',*,*,#1890,.F.);
#2644=ORIENTED_EDGE('',*,*,#1902,.T.);
#2645=ORIENTED_EDGE('',*,*,#1896,.T.);
#2646=ORIENTED_EDGE('',*,*,#1903,.F.);
#2647=ORIENTED_EDGE('',*,*,#1891,.F.);
#2648=ORIENTED_EDGE('',*,*,#1903,.T.);
#2649=ORIENTED_EDGE('',*,*,#1901,.T.);
#2650=ORIENTED_EDGE('',*,*,#1904,.F.);
#2651=ORIENTED_EDGE('',*,*,#1892,.F.);
#2652=ORIENTED_EDGE('',*,*,#1904,.T.);
#2653=ORIENTED_EDGE('',*,*,#1900,.T.);
#2654=ORIENTED_EDGE('',*,*,#1905,.F.);
#2655=ORIENTED_EDGE('',*,*,#1893,.F.);
#2656=ORIENTED_EDGE('',*,*,#1905,.T.);
#2657=ORIENTED_EDGE('',*,*,#1899,.T.);
#2658=ORIENTED_EDGE('',*,*,#1906,.F.);
#2659=ORIENTED_EDGE('',*,*,#1894,.F.);
#2660=ORIENTED_EDGE('',*,*,#1906,.T.);
#2661=ORIENTED_EDGE('',*,*,#1898,.T.);
#2662=ORIENTED_EDGE('',*,*,#1907,.F.);
#2663=ORIENTED_EDGE('',*,*,#1895,.F.);
#2664=ORIENTED_EDGE('',*,*,#1907,.T.);
#2665=ORIENTED_EDGE('',*,*,#1897,.T.);
#2666=ORIENTED_EDGE('',*,*,#1902,.F.);
#2667=ORIENTED_EDGE('',*,*,#1908,.T.);
#2668=ORIENTED_EDGE('',*,*,#1909,.T.);
#2669=ORIENTED_EDGE('',*,*,#1910,.T.);
#2670=ORIENTED_EDGE('',*,*,#1911,.T.);
#2671=ORIENTED_EDGE('',*,*,#1912,.T.);
#2672=ORIENTED_EDGE('',*,*,#1913,.T.);
#2673=ORIENTED_EDGE('',*,*,#1869,.F.);
#2674=ORIENTED_EDGE('',*,*,#1914,.F.);
#2675=ORIENTED_EDGE('',*,*,#1915,.F.);
#2676=ORIENTED_EDGE('',*,*,#1916,.F.);
#2677=ORIENTED_EDGE('',*,*,#1917,.F.);
#2678=ORIENTED_EDGE('',*,*,#1918,.F.);
#2679=ORIENTED_EDGE('',*,*,#1919,.F.);
#2680=ORIENTED_EDGE('',*,*,#1862,.F.);
#2681=ORIENTED_EDGE('',*,*,#1908,.F.);
#2682=ORIENTED_EDGE('',*,*,#1920,.T.);
#2683=ORIENTED_EDGE('',*,*,#1914,.T.);
#2684=ORIENTED_EDGE('',*,*,#1921,.F.);
#2685=ORIENTED_EDGE('',*,*,#1909,.F.);
#2686=ORIENTED_EDGE('',*,*,#1921,.T.);
#2687=ORIENTED_EDGE('',*,*,#1919,.T.);
#2688=ORIENTED_EDGE('',*,*,#1922,.F.);
#2689=ORIENTED_EDGE('',*,*,#1910,.F.);
#2690=ORIENTED_EDGE('',*,*,#1922,.T.);
#2691=ORIENTED_EDGE('',*,*,#1918,.T.);
#2692=ORIENTED_EDGE('',*,*,#1923,.F.);
#2693=ORIENTED_EDGE('',*,*,#1911,.F.);
#2694=ORIENTED_EDGE('',*,*,#1923,.T.);
#2695=ORIENTED_EDGE('',*,*,#1917,.T.);
#2696=ORIENTED_EDGE('',*,*,#1924,.F.);
#2697=ORIENTED_EDGE('',*,*,#1912,.F.);
#2698=ORIENTED_EDGE('',*,*,#1924,.T.);
#2699=ORIENTED_EDGE('',*,*,#1916,.T.);
#2700=ORIENTED_EDGE('',*,*,#1925,.F.);
#2701=ORIENTED_EDGE('',*,*,#1913,.F.);
#2702=ORIENTED_EDGE('',*,*,#1925,.T.);
#2703=ORIENTED_EDGE('',*,*,#1915,.T.);
#2704=ORIENTED_EDGE('',*,*,#1920,.F.);
#2705=ORIENTED_EDGE('',*,*,#1926,.T.);
#2706=ORIENTED_EDGE('',*,*,#1927,.T.);
#2707=ORIENTED_EDGE('',*,*,#1928,.T.);
#2708=ORIENTED_EDGE('',*,*,#1929,.T.);
#2709=ORIENTED_EDGE('',*,*,#1930,.T.);
#2710=ORIENTED_EDGE('',*,*,#1931,.T.);
#2711=ORIENTED_EDGE('',*,*,#1871,.F.);
#2712=ORIENTED_EDGE('',*,*,#1932,.F.);
#2713=ORIENTED_EDGE('',*,*,#1933,.F.);
#2714=ORIENTED_EDGE('',*,*,#1934,.F.);
#2715=ORIENTED_EDGE('',*,*,#1935,.F.);
#2716=ORIENTED_EDGE('',*,*,#1936,.F.);
#2717=ORIENTED_EDGE('',*,*,#1937,.F.);
#2718=ORIENTED_EDGE('',*,*,#1827,.F.);
#2719=ORIENTED_EDGE('',*,*,#1926,.F.);
#2720=ORIENTED_EDGE('',*,*,#1938,.T.);
#2721=ORIENTED_EDGE('',*,*,#1932,.T.);
#2722=ORIENTED_EDGE('',*,*,#1939,.F.);
#2723=ORIENTED_EDGE('',*,*,#1927,.F.);
#2724=ORIENTED_EDGE('',*,*,#1939,.T.);
#2725=ORIENTED_EDGE('',*,*,#1937,.T.);
#2726=ORIENTED_EDGE('',*,*,#1940,.F.);
#2727=ORIENTED_EDGE('',*,*,#1928,.F.);
#2728=ORIENTED_EDGE('',*,*,#1940,.T.);
#2729=ORIENTED_EDGE('',*,*,#1936,.T.);
#2730=ORIENTED_EDGE('',*,*,#1941,.F.);
#2731=ORIENTED_EDGE('',*,*,#1929,.F.);
#2732=ORIENTED_EDGE('',*,*,#1941,.T.);
#2733=ORIENTED_EDGE('',*,*,#1935,.T.);
#2734=ORIENTED_EDGE('',*,*,#1942,.F.);
#2735=ORIENTED_EDGE('',*,*,#1930,.F.);
#2736=ORIENTED_EDGE('',*,*,#1942,.T.);
#2737=ORIENTED_EDGE('',*,*,#1934,.T.);
#2738=ORIENTED_EDGE('',*,*,#1943,.F.);
#2739=ORIENTED_EDGE('',*,*,#1931,.F.);
#2740=ORIENTED_EDGE('',*,*,#1943,.T.);
#2741=ORIENTED_EDGE('',*,*,#1933,.T.);
#2742=ORIENTED_EDGE('',*,*,#1938,.F.);
#2743=ORIENTED_EDGE('',*,*,#1797,.T.);
#2744=ORIENTED_EDGE('',*,*,#1803,.T.);
#2745=ORIENTED_EDGE('',*,*,#1944,.F.);
#2746=ORIENTED_EDGE('',*,*,#1814,.F.);
#2747=ORIENTED_EDGE('',*,*,#1842,.F.);
#2748=ORIENTED_EDGE('',*,*,#1821,.T.);
#2749=ORIENTED_EDGE('',*,*,#1732,.T.);
#2750=ORIENTED_EDGE('',*,*,#1945,.F.);
#2751=ORIENTED_EDGE('',*,*,#1843,.F.);
#2752=ORIENTED_EDGE('',*,*,#1945,.T.);
#2753=ORIENTED_EDGE('',*,*,#1731,.T.);
#2754=ORIENTED_EDGE('',*,*,#1857,.T.);
#2755=ORIENTED_EDGE('',*,*,#1849,.F.);
#2756=ORIENTED_EDGE('',*,*,#1854,.T.);
#2757=ORIENTED_EDGE('',*,*,#1741,.T.);
#2758=ORIENTED_EDGE('',*,*,#1831,.F.);
#2759=ORIENTED_EDGE('',*,*,#1946,.T.);
#2760=ORIENTED_EDGE('',*,*,#1947,.T.);
#2761=ORIENTED_EDGE('',*,*,#1948,.T.);
#2762=ORIENTED_EDGE('',*,*,#1949,.F.);
#2763=ORIENTED_EDGE('',*,*,#1950,.F.);
#2764=ORIENTED_EDGE('',*,*,#1951,.F.);
#2765=ORIENTED_EDGE('',*,*,#1952,.F.);
#2766=ORIENTED_EDGE('',*,*,#1953,.T.);
#2767=ORIENTED_EDGE('',*,*,#1954,.T.);
#2768=ORIENTED_EDGE('',*,*,#1946,.F.);
#2769=ORIENTED_EDGE('',*,*,#1955,.F.);
#2770=ORIENTED_EDGE('',*,*,#1956,.T.);
#2771=ORIENTED_EDGE('',*,*,#1957,.T.);
#2772=ORIENTED_EDGE('',*,*,#1953,.F.);
#2773=ORIENTED_EDGE('',*,*,#1958,.F.);
#2774=ORIENTED_EDGE('',*,*,#1959,.T.);
#2775=ORIENTED_EDGE('',*,*,#1960,.T.);
#2776=ORIENTED_EDGE('',*,*,#1956,.F.);
#2777=ORIENTED_EDGE('',*,*,#1961,.F.);
#2778=ORIENTED_EDGE('',*,*,#1750,.T.);
#2779=ORIENTED_EDGE('',*,*,#1962,.T.);
#2780=ORIENTED_EDGE('',*,*,#1963,.F.);
#2781=ORIENTED_EDGE('',*,*,#1964,.F.);
#2782=ORIENTED_EDGE('',*,*,#1749,.T.);
#2783=ORIENTED_EDGE('',*,*,#1965,.T.);
#2784=ORIENTED_EDGE('',*,*,#1966,.F.);
#2785=ORIENTED_EDGE('',*,*,#1962,.F.);
#2786=ORIENTED_EDGE('',*,*,#1748,.T.);
#2787=ORIENTED_EDGE('',*,*,#1967,.T.);
#2788=ORIENTED_EDGE('',*,*,#1968,.F.);
#2789=ORIENTED_EDGE('',*,*,#1965,.F.);
#2790=ORIENTED_EDGE('',*,*,#1747,.T.);
#2791=ORIENTED_EDGE('',*,*,#1969,.T.);
#2792=ORIENTED_EDGE('',*,*,#1970,.T.);
#2793=ORIENTED_EDGE('',*,*,#1971,.F.);
#2794=ORIENTED_EDGE('',*,*,#1967,.F.);
#2795=ORIENTED_EDGE('',*,*,#1972,.F.);
#2796=ORIENTED_EDGE('',*,*,#1973,.T.);
#2797=ORIENTED_EDGE('',*,*,#1974,.F.);
#2798=ORIENTED_EDGE('',*,*,#1948,.F.);
#2799=ORIENTED_EDGE('',*,*,#1975,.F.);
#2800=ORIENTED_EDGE('',*,*,#1976,.T.);
#2801=ORIENTED_EDGE('',*,*,#1977,.F.);
#2802=ORIENTED_EDGE('',*,*,#1973,.F.);
#2803=ORIENTED_EDGE('',*,*,#1970,.F.);
#2804=ORIENTED_EDGE('',*,*,#1978,.F.);
#2805=ORIENTED_EDGE('',*,*,#1950,.T.);
#2806=ORIENTED_EDGE('',*,*,#1979,.F.);
#2807=ORIENTED_EDGE('',*,*,#1980,.T.);
#2808=ORIENTED_EDGE('',*,*,#1981,.F.);
#2809=ORIENTED_EDGE('',*,*,#1976,.F.);
#2810=ORIENTED_EDGE('',*,*,#1982,.F.);
#2811=ORIENTED_EDGE('',*,*,#1983,.F.);
#2812=ORIENTED_EDGE('',*,*,#1984,.T.);
#2813=ORIENTED_EDGE('',*,*,#1985,.F.);
#2814=ORIENTED_EDGE('',*,*,#1984,.F.);
#2815=ORIENTED_EDGE('',*,*,#1986,.F.);
#2816=ORIENTED_EDGE('',*,*,#1978,.T.);
#2817=ORIENTED_EDGE('',*,*,#1951,.T.);
#2818=ORIENTED_EDGE('',*,*,#1986,.T.);
#2819=ORIENTED_EDGE('',*,*,#1987,.F.);
#2820=ORIENTED_EDGE('',*,*,#1988,.F.);
#2821=ORIENTED_EDGE('',*,*,#1989,.F.);
#2822=ORIENTED_EDGE('',*,*,#1990,.T.);
#2823=ORIENTED_EDGE('',*,*,#1991,.F.);
#2824=ORIENTED_EDGE('',*,*,#1990,.F.);
#2825=ORIENTED_EDGE('',*,*,#1992,.F.);
#2826=ORIENTED_EDGE('',*,*,#1993,.T.);
#2827=ORIENTED_EDGE('',*,*,#1994,.F.);
#2828=ORIENTED_EDGE('',*,*,#1993,.F.);
#2829=ORIENTED_EDGE('',*,*,#1995,.F.);
#2830=ORIENTED_EDGE('',*,*,#1996,.T.);
#2831=ORIENTED_EDGE('',*,*,#1997,.F.);
#2832=ORIENTED_EDGE('',*,*,#1996,.F.);
#2833=ORIENTED_EDGE('',*,*,#1998,.F.);
#2834=ORIENTED_EDGE('',*,*,#1999,.T.);
#2835=ORIENTED_EDGE('',*,*,#2000,.F.);
#2836=ORIENTED_EDGE('',*,*,#1999,.F.);
#2837=ORIENTED_EDGE('',*,*,#2001,.T.);
#2838=ORIENTED_EDGE('',*,*,#2002,.T.);
#2839=ORIENTED_EDGE('',*,*,#1959,.F.);
#2840=ORIENTED_EDGE('',*,*,#2003,.F.);
#2841=ORIENTED_EDGE('',*,*,#2004,.T.);
#2842=ORIENTED_EDGE('',*,*,#2005,.T.);
#2843=ORIENTED_EDGE('',*,*,#2001,.F.);
#2844=ORIENTED_EDGE('',*,*,#2006,.F.);
#2845=ORIENTED_EDGE('',*,*,#1987,.T.);
#2846=ORIENTED_EDGE('',*,*,#1983,.T.);
#2847=ORIENTED_EDGE('',*,*,#2007,.T.);
#2848=ORIENTED_EDGE('',*,*,#2004,.F.);
#2849=ORIENTED_EDGE('',*,*,#2008,.F.);
#2850=ORIENTED_EDGE('',*,*,#1972,.T.);
#2851=ORIENTED_EDGE('',*,*,#1947,.F.);
#2852=ORIENTED_EDGE('',*,*,#1954,.F.);
#2853=ORIENTED_EDGE('',*,*,#1957,.F.);
#2854=ORIENTED_EDGE('',*,*,#1960,.F.);
#2855=ORIENTED_EDGE('',*,*,#2002,.F.);
#2856=ORIENTED_EDGE('',*,*,#2005,.F.);
#2857=ORIENTED_EDGE('',*,*,#2007,.F.);
#2858=ORIENTED_EDGE('',*,*,#1982,.T.);
#2859=ORIENTED_EDGE('',*,*,#1975,.T.);
#2860=ORIENTED_EDGE('',*,*,#1989,.T.);
#2861=ORIENTED_EDGE('',*,*,#1992,.T.);
#2862=ORIENTED_EDGE('',*,*,#1995,.T.);
#2863=ORIENTED_EDGE('',*,*,#1998,.T.);
#2864=ORIENTED_EDGE('',*,*,#1746,.T.);
#2865=ORIENTED_EDGE('',*,*,#2009,.T.);
#2866=ORIENTED_EDGE('',*,*,#1985,.T.);
#2867=ORIENTED_EDGE('',*,*,#1969,.F.);
#2868=ORIENTED_EDGE('',*,*,#1751,.T.);
#2869=ORIENTED_EDGE('',*,*,#1964,.T.);
#2870=ORIENTED_EDGE('',*,*,#2010,.F.);
#2871=ORIENTED_EDGE('',*,*,#2011,.F.);
#2872=ORIENTED_EDGE('',*,*,#1752,.T.);
#2873=ORIENTED_EDGE('',*,*,#2011,.T.);
#2874=ORIENTED_EDGE('',*,*,#2012,.F.);
#2875=ORIENTED_EDGE('',*,*,#2013,.F.);
#2876=ORIENTED_EDGE('',*,*,#1753,.T.);
#2877=ORIENTED_EDGE('',*,*,#2013,.T.);
#2878=ORIENTED_EDGE('',*,*,#2014,.F.);
#2879=ORIENTED_EDGE('',*,*,#1980,.F.);
#2880=ORIENTED_EDGE('',*,*,#2009,.F.);
#2881=ORIENTED_EDGE('',*,*,#1809,.T.);
#2882=ORIENTED_EDGE('',*,*,#1811,.T.);
#2883=ORIENTED_EDGE('',*,*,#1813,.T.);
#2884=ORIENTED_EDGE('',*,*,#1815,.T.);
#2885=ORIENTED_EDGE('',*,*,#1944,.T.);
#2886=ORIENTED_EDGE('',*,*,#1802,.T.);
#2887=ORIENTED_EDGE('',*,*,#1805,.T.);
#2888=ORIENTED_EDGE('',*,*,#1807,.T.);
#2889=ORIENTED_EDGE('',*,*,#1955,.T.);
#2890=ORIENTED_EDGE('',*,*,#1952,.T.);
#2891=ORIENTED_EDGE('',*,*,#1988,.T.);
#2892=ORIENTED_EDGE('',*,*,#2008,.T.);
#2893=ORIENTED_EDGE('',*,*,#2006,.T.);
#2894=ORIENTED_EDGE('',*,*,#2003,.T.);
#2895=ORIENTED_EDGE('',*,*,#1961,.T.);
#2896=ORIENTED_EDGE('',*,*,#1958,.T.);
#2897=ORIENTED_EDGE('',*,*,#1981,.T.);
#2898=ORIENTED_EDGE('',*,*,#2014,.T.);
#2899=ORIENTED_EDGE('',*,*,#2012,.T.);
#2900=ORIENTED_EDGE('',*,*,#2010,.T.);
#2901=ORIENTED_EDGE('',*,*,#1963,.T.);
#2902=ORIENTED_EDGE('',*,*,#1966,.T.);
#2903=ORIENTED_EDGE('',*,*,#1968,.T.);
#2904=ORIENTED_EDGE('',*,*,#1971,.T.);
#2905=ORIENTED_EDGE('',*,*,#1979,.T.);
#2906=ORIENTED_EDGE('',*,*,#1949,.T.);
#2907=ORIENTED_EDGE('',*,*,#1974,.T.);
#2908=ORIENTED_EDGE('',*,*,#1977,.T.);
#2909=ORIENTED_EDGE('',*,*,#1991,.T.);
#2910=ORIENTED_EDGE('',*,*,#1994,.T.);
#2911=ORIENTED_EDGE('',*,*,#1997,.T.);
#2912=ORIENTED_EDGE('',*,*,#2000,.T.);
#2913=PLANE('',#3211);
#2914=PLANE('',#3218);
#2915=PLANE('',#3219);
#2916=PLANE('',#3223);
#2917=PLANE('',#3227);
#2918=PLANE('',#3228);
#2919=PLANE('',#3239);
#2920=PLANE('',#3242);
#2921=PLANE('',#3245);
#2922=PLANE('',#3248);
#2923=PLANE('',#3249);
#2924=PLANE('',#3254);
#2925=PLANE('',#3255);
#2926=PLANE('',#3256);
#2927=PLANE('',#3263);
#2928=PLANE('',#3268);
#2929=PLANE('',#3269);
#2930=PLANE('',#3272);
#2931=PLANE('',#3274);
#2932=PLANE('',#3277);
#2933=PLANE('',#3278);
#2934=PLANE('',#3279);
#2935=PLANE('',#3281);
#2936=PLANE('',#3287);
#2937=PLANE('',#3288);
#2938=PLANE('',#3290);
#2939=PLANE('',#3293);
#2940=PLANE('',#3299);
#2941=PLANE('',#3305);
#2942=PLANE('',#3311);
#2943=PLANE('',#3317);
#2944=PLANE('',#3320);
#2945=PLANE('',#3323);
#2946=PLANE('',#3324);
#2947=PLANE('',#3325);
#2948=PLANE('',#3326);
#2949=PLANE('',#3337);
#2950=PLANE('',#3338);
#2951=PLANE('',#3342);
#2952=PLANE('',#3349);
#2953=PLANE('',#3353);
#2954=PLANE('',#3357);
#2955=PLANE('',#3361);
#2956=PLANE('',#3366);
#2957=PLANE('',#3369);
#2958=PLANE('',#3372);
#2959=PLANE('',#3375);
#2960=PLANE('',#3376);
#2961=PLANE('',#3378);
#2962=PLANE('',#3379);
#2963=PLANE('',#3380);
#2964=PLANE('',#3385);
#2965=PLANE('',#3387);
#2966=PLANE('',#3388);
#2967=PLANE('',#3389);
#2968=PLANE('',#3394);
#2969=PLANE('',#3396);
#2970=PLANE('',#3398);
#2971=PLANE('',#3407);
#2972=PLANE('',#3408);
#2973=PLANE('',#3410);
#2974=PLANE('',#3424);
#2975=PLANE('',#3425);
#2976=PLANE('',#3426);
#2977=PLANE('',#3427);
#2978=PLANE('',#3428);
#2979=PLANE('',#3429);
#2980=PLANE('',#3430);
#2981=PLANE('',#3431);
#2982=PLANE('',#3432);
#2983=PLANE('',#3433);
#2984=PLANE('',#3434);
#2985=PLANE('',#3435);
#2986=PLANE('',#3436);
#2987=PLANE('',#3437);
#2988=PLANE('',#3438);
#2989=PLANE('',#3439);
#2990=PLANE('',#3440);
#2991=PLANE('',#3441);
#2992=PLANE('',#3442);
#2993=PLANE('',#3443);
#2994=PLANE('',#3444);
#2995=PLANE('',#3445);
#2996=PLANE('',#3446);
#2997=PLANE('',#3447);
#2998=PLANE('',#3448);
#2999=PLANE('',#3449);
#3000=PLANE('',#3450);
#3001=PLANE('',#3451);
#3002=PLANE('',#3452);
#3003=PLANE('',#3453);
#3004=PLANE('',#3454);
#3005=PLANE('',#3455);
#3006=PLANE('',#3458);
#3007=PLANE('',#3465);
#3008=PLANE('',#3469);
#3009=PLANE('',#3470);
#3010=PLANE('',#3473);
#3011=PLANE('',#3476);
#3012=PLANE('',#3477);
#3013=PLANE('',#3478);
#3014=PLANE('',#3479);
#3015=PLANE('',#3480);
#3016=PLANE('',#3481);
#3017=PLANE('',#3497);
#3018=PLANE('',#3501);
#3019=PLANE('',#3502);
#3020=PLANE('',#3505);
#3021=PLANE('',#3508);
#3022=PLANE('',#3509);
#3023=ADVANCED_FACE('',(#118),#2913,.T.);
#3024=ADVANCED_FACE('',(#119),#2914,.F.);
#3025=ADVANCED_FACE('',(#120),#2915,.F.);
#3026=ADVANCED_FACE('',(#121),#56,.F.);
#3027=ADVANCED_FACE('',(#122),#2916,.F.);
#3028=ADVANCED_FACE('',(#123),#57,.F.);
#3029=ADVANCED_FACE('',(#124),#2917,.T.);
#3030=ADVANCED_FACE('',(#125),#2918,.T.);
#3031=ADVANCED_FACE('',(#126),#58,.F.);
#3032=ADVANCED_FACE('',(#127),#2919,.T.);
#3033=ADVANCED_FACE('',(#128),#59,.F.);
#3034=ADVANCED_FACE('',(#129),#2920,.T.);
#3035=ADVANCED_FACE('',(#130),#60,.F.);
#3036=ADVANCED_FACE('',(#131),#2921,.T.);
#3037=ADVANCED_FACE('',(#132),#61,.F.);
#3038=ADVANCED_FACE('',(#133),#2922,.T.);
#3039=ADVANCED_FACE('',(#134,#21),#2923,.F.);
#3040=ADVANCED_FACE('',(#135),#2924,.F.);
#3041=ADVANCED_FACE('',(#136),#2925,.F.);
#3042=ADVANCED_FACE('',(#137),#2926,.T.);
#3043=ADVANCED_FACE('',(#138),#62,.T.);
#3044=ADVANCED_FACE('',(#139),#63,.T.);
#3045=ADVANCED_FACE('',(#140),#64,.F.);
#3046=ADVANCED_FACE('',(#141),#2927,.F.);
#3047=ADVANCED_FACE('',(#142),#65,.F.);
#3048=ADVANCED_FACE('',(#143),#66,.F.);
#3049=ADVANCED_FACE('',(#144),#2928,.T.);
#3050=ADVANCED_FACE('',(#145),#2929,.T.);
#3051=ADVANCED_FACE('',(#146),#67,.T.);
#3052=ADVANCED_FACE('',(#147,#22),#2930,.T.);
#3053=ADVANCED_FACE('',(#148),#2931,.F.);
#3054=ADVANCED_FACE('',(#149),#68,.T.);
#3055=ADVANCED_FACE('',(#150),#2932,.T.);
#3056=ADVANCED_FACE('',(#151),#2933,.T.);
#3057=ADVANCED_FACE('',(#152,#23),#2934,.T.);
#3058=ADVANCED_FACE('',(#153,#24,#25),#2935,.T.);
#3059=ADVANCED_FACE('',(#154),#2936,.T.);
#3060=ADVANCED_FACE('',(#155),#2937,.T.);
#3061=ADVANCED_FACE('',(#156),#69,.T.);
#3062=ADVANCED_FACE('',(#157),#2938,.T.);
#3063=ADVANCED_FACE('',(#158),#70,.T.);
#3064=ADVANCED_FACE('',(#159),#71,.F.);
#3065=ADVANCED_FACE('',(#160,#26),#2939,.F.);
#3066=ADVANCED_FACE('',(#161),#72,.F.);
#3067=ADVANCED_FACE('',(#162),#73,.F.);
#3068=ADVANCED_FACE('',(#163,#27),#2940,.F.);
#3069=ADVANCED_FACE('',(#164),#74,.F.);
#3070=ADVANCED_FACE('',(#165),#75,.F.);
#3071=ADVANCED_FACE('',(#166,#28),#2941,.F.);
#3072=ADVANCED_FACE('',(#167),#76,.F.);
#3073=ADVANCED_FACE('',(#168),#77,.F.);
#3074=ADVANCED_FACE('',(#169,#29),#2942,.F.);
#3075=ADVANCED_FACE('',(#170),#78,.F.);
#3076=ADVANCED_FACE('',(#171),#79,.F.);
#3077=ADVANCED_FACE('',(#172),#2943,.T.);
#3078=ADVANCED_FACE('',(#173),#80,.T.);
#3079=ADVANCED_FACE('',(#174),#2944,.T.);
#3080=ADVANCED_FACE('',(#175),#81,.T.);
#3081=ADVANCED_FACE('',(#176,#30,#31,#32,#33),#2945,.F.);
#3082=ADVANCED_FACE('',(#177),#2946,.F.);
#3083=ADVANCED_FACE('',(#178),#2947,.F.);
#3084=ADVANCED_FACE('',(#179,#34),#2948,.F.);
#3085=ADVANCED_FACE('',(#180),#2949,.F.);
#3086=ADVANCED_FACE('',(#181),#2950,.F.);
#3087=ADVANCED_FACE('',(#182),#82,.F.);
#3088=ADVANCED_FACE('',(#183),#2951,.F.);
#3089=ADVANCED_FACE('',(#184),#83,.F.);
#3090=ADVANCED_FACE('',(#185),#84,.T.);
#3091=ADVANCED_FACE('',(#186),#2952,.F.);
#3092=ADVANCED_FACE('',(#187),#85,.T.);
#3093=ADVANCED_FACE('',(#188),#2953,.F.);
#3094=ADVANCED_FACE('',(#189),#86,.T.);
#3095=ADVANCED_FACE('',(#190),#2954,.F.);
#3096=ADVANCED_FACE('',(#191),#87,.T.);
#3097=ADVANCED_FACE('',(#192),#2955,.T.);
#3098=ADVANCED_FACE('',(#193),#2956,.T.);
#3099=ADVANCED_FACE('',(#194),#88,.T.);
#3100=ADVANCED_FACE('',(#195),#2957,.T.);
#3101=ADVANCED_FACE('',(#196),#89,.T.);
#3102=ADVANCED_FACE('',(#197),#2958,.T.);
#3103=ADVANCED_FACE('',(#198),#90,.T.);
#3104=ADVANCED_FACE('',(#199),#2959,.T.);
#3105=ADVANCED_FACE('',(#200),#2960,.F.);
#3106=ADVANCED_FACE('',(#201),#2961,.F.);
#3107=ADVANCED_FACE('',(#202),#2962,.T.);
#3108=ADVANCED_FACE('',(#203),#2963,.T.);
#3109=ADVANCED_FACE('',(#204),#91,.T.);
#3110=ADVANCED_FACE('',(#205),#92,.F.);
#3111=ADVANCED_FACE('',(#206),#2964,.F.);
#3112=ADVANCED_FACE('',(#207),#2965,.F.);
#3113=ADVANCED_FACE('',(#208),#2966,.T.);
#3114=ADVANCED_FACE('',(#209),#2967,.T.);
#3115=ADVANCED_FACE('',(#210),#93,.T.);
#3116=ADVANCED_FACE('',(#211),#94,.F.);
#3117=ADVANCED_FACE('',(#212),#2968,.F.);
#3118=ADVANCED_FACE('',(#213),#2969,.F.);
#3119=ADVANCED_FACE('',(#214,#35,#36,#37,#38),#2970,.T.);
#3120=ADVANCED_FACE('',(#215),#2971,.T.);
#3121=ADVANCED_FACE('',(#216),#2972,.T.);
#3122=ADVANCED_FACE('',(#217),#95,.T.);
#3123=ADVANCED_FACE('',(#218),#2973,.T.);
#3124=ADVANCED_FACE('',(#219),#96,.T.);
#3125=ADVANCED_FACE('',(#220),#97,.F.);
#3126=ADVANCED_FACE('',(#221),#98,.F.);
#3127=ADVANCED_FACE('',(#222),#99,.F.);
#3128=ADVANCED_FACE('',(#223),#100,.F.);
#3129=ADVANCED_FACE('',(#224),#101,.F.);
#3130=ADVANCED_FACE('',(#225),#102,.F.);
#3131=ADVANCED_FACE('',(#226,#39),#2974,.T.);
#3132=ADVANCED_FACE('',(#227,#40),#2975,.F.);
#3133=ADVANCED_FACE('',(#228),#2976,.F.);
#3134=ADVANCED_FACE('',(#229),#2977,.F.);
#3135=ADVANCED_FACE('',(#230),#2978,.F.);
#3136=ADVANCED_FACE('',(#231),#2979,.F.);
#3137=ADVANCED_FACE('',(#232),#2980,.F.);
#3138=ADVANCED_FACE('',(#233),#2981,.F.);
#3139=ADVANCED_FACE('',(#234,#41),#2982,.T.);
#3140=ADVANCED_FACE('',(#235,#42),#2983,.F.);
#3141=ADVANCED_FACE('',(#236),#2984,.F.);
#3142=ADVANCED_FACE('',(#237),#2985,.F.);
#3143=ADVANCED_FACE('',(#238),#2986,.F.);
#3144=ADVANCED_FACE('',(#239),#2987,.F.);
#3145=ADVANCED_FACE('',(#240),#2988,.F.);
#3146=ADVANCED_FACE('',(#241),#2989,.F.);
#3147=ADVANCED_FACE('',(#242,#43),#2990,.T.);
#3148=ADVANCED_FACE('',(#243,#44),#2991,.F.);
#3149=ADVANCED_FACE('',(#244),#2992,.F.);
#3150=ADVANCED_FACE('',(#245),#2993,.F.);
#3151=ADVANCED_FACE('',(#246),#2994,.F.);
#3152=ADVANCED_FACE('',(#247),#2995,.F.);
#3153=ADVANCED_FACE('',(#248),#2996,.F.);
#3154=ADVANCED_FACE('',(#249),#2997,.F.);
#3155=ADVANCED_FACE('',(#250,#45),#2998,.T.);
#3156=ADVANCED_FACE('',(#251,#46),#2999,.F.);
#3157=ADVANCED_FACE('',(#252),#3000,.F.);
#3158=ADVANCED_FACE('',(#253),#3001,.F.);
#3159=ADVANCED_FACE('',(#254),#3002,.F.);
#3160=ADVANCED_FACE('',(#255),#3003,.F.);
#3161=ADVANCED_FACE('',(#256),#3004,.F.);
#3162=ADVANCED_FACE('',(#257),#3005,.F.);
#3163=ADVANCED_FACE('',(#258),#103,.T.);
#3164=ADVANCED_FACE('',(#259),#3006,.F.);
#3165=ADVANCED_FACE('',(#260),#104,.F.);
#3166=ADVANCED_FACE('',(#261),#105,.F.);
#3167=ADVANCED_FACE('',(#262),#106,.F.);
#3168=ADVANCED_FACE('',(#263),#3007,.F.);
#3169=ADVANCED_FACE('',(#264),#107,.F.);
#3170=ADVANCED_FACE('',(#265),#3008,.F.);
#3171=ADVANCED_FACE('',(#266),#3009,.T.);
#3172=ADVANCED_FACE('',(#267),#108,.T.);
#3173=ADVANCED_FACE('',(#268),#3010,.T.);
#3174=ADVANCED_FACE('',(#269),#109,.T.);
#3175=ADVANCED_FACE('',(#270),#3011,.F.);
#3176=ADVANCED_FACE('',(#271),#3012,.F.);
#3177=ADVANCED_FACE('',(#272),#3013,.F.);
#3178=ADVANCED_FACE('',(#273),#3014,.F.);
#3179=ADVANCED_FACE('',(#274),#3015,.F.);
#3180=ADVANCED_FACE('',(#275),#3016,.F.);
#3181=ADVANCED_FACE('',(#276),#110,.F.);
#3182=ADVANCED_FACE('',(#277),#111,.F.);
#3183=ADVANCED_FACE('',(#278),#112,.F.);
#3184=ADVANCED_FACE('',(#279),#113,.F.);
#3185=ADVANCED_FACE('',(#280),#114,.F.);
#3186=ADVANCED_FACE('',(#281),#3017,.F.);
#3187=ADVANCED_FACE('',(#282),#115,.F.);
#3188=ADVANCED_FACE('',(#283,#47,#48,#49,#50),#3018,.T.);
#3189=ADVANCED_FACE('',(#284),#3019,.T.);
#3190=ADVANCED_FACE('',(#285),#116,.T.);
#3191=ADVANCED_FACE('',(#286),#3020,.T.);
#3192=ADVANCED_FACE('',(#287),#117,.T.);
#3193=ADVANCED_FACE('',(#288,#51),#3021,.T.);
#3194=ADVANCED_FACE('',(#289,#52,#53,#54,#55),#3022,.F.);
#3195=CLOSED_SHELL('',(#3023,#3024,#3025,#3026,#3027,#3028,#3029,#3030,
#3031,#3032,#3033,#3034,#3035,#3036,#3037,#3038,#3039,#3040,#3041,#3042,
#3043,#3044,#3045,#3046,#3047,#3048,#3049,#3050,#3051,#3052,#3053,#3054,
#3055,#3056,#3057,#3058,#3059,#3060,#3061,#3062,#3063,#3064,#3065,#3066,
#3067,#3068,#3069,#3070,#3071,#3072,#3073,#3074,#3075,#3076,#3077,#3078,
#3079,#3080,#3081));
#3196=CLOSED_SHELL('',(#3082,#3083,#3084,#3085,#3086,#3087,#3088,#3089,
#3090,#3091,#3092,#3093,#3094,#3095,#3096,#3097,#3098,#3099,#3100,#3101,
#3102,#3103,#3104,#3105,#3106,#3107,#3108,#3109,#3110,#3111,#3112,#3113,
#3114,#3115,#3116,#3117,#3118,#3119,#3120,#3121,#3122,#3123,#3124,#3125,
#3126,#3127,#3128,#3129,#3130,#3131,#3132,#3133,#3134,#3135,#3136,#3137,
#3138,#3139,#3140,#3141,#3142,#3143,#3144,#3145,#3146,#3147,#3148,#3149,
#3150,#3151,#3152,#3153,#3154,#3155,#3156,#3157,#3158,#3159,#3160,#3161,
#3162,#3163,#3164,#3165,#3166,#3167,#3168,#3169,#3170,#3171,#3172,#3173,
#3174,#3175,#3176,#3177,#3178,#3179,#3180,#3181,#3182,#3183,#3184,#3185,
#3186,#3187,#3188,#3189,#3190,#3191,#3192,#3193,#3194));
#3197=DERIVED_UNIT_ELEMENT(#3199,1.);
#3198=DERIVED_UNIT_ELEMENT(#5366,-3.);
#3199=(
MASS_UNIT()
NAMED_UNIT(*)
SI_UNIT(.KILO.,.GRAM.)
);
#3200=DERIVED_UNIT((#3197,#3198));
#3201=MEASURE_REPRESENTATION_ITEM('density measure',
POSITIVE_RATIO_MEASURE(7850.),#3200);
#3202=PROPERTY_DEFINITION_REPRESENTATION(#3207,#3204);
#3203=PROPERTY_DEFINITION_REPRESENTATION(#3208,#3205);
#3204=REPRESENTATION('material name',(#3206),#5363);
#3205=REPRESENTATION('density',(#3201),#5363);
#3206=DESCRIPTIVE_REPRESENTATION_ITEM('Steel','Steel');
#3207=PROPERTY_DEFINITION('material property','material name',#5378);
#3208=PROPERTY_DEFINITION('material property','density of part',#5378);
#3209=AXIS2_PLACEMENT_3D('',#4437,#3511,#3512);
#3210=AXIS2_PLACEMENT_3D('',#4438,#3513,#3514);
#3211=AXIS2_PLACEMENT_3D('',#4439,#3515,#3516);
#3212=AXIS2_PLACEMENT_3D('',#4446,#3519,#3520);
#3213=AXIS2_PLACEMENT_3D('',#4450,#3522,#3523);
#3214=AXIS2_PLACEMENT_3D('',#4454,#3525,#3526);
#3215=AXIS2_PLACEMENT_3D('',#4458,#3528,#3529);
#3216=AXIS2_PLACEMENT_3D('',#4464,#3532,#3533);
#3217=AXIS2_PLACEMENT_3D('',#4471,#3537,#3538);
#3218=AXIS2_PLACEMENT_3D('',#4472,#3539,#3540);
#3219=AXIS2_PLACEMENT_3D('',#4481,#3545,#3546);
#3220=AXIS2_PLACEMENT_3D('',#4490,#3551,#3552);
#3221=AXIS2_PLACEMENT_3D('',#4492,#3553,#3554);
#3222=AXIS2_PLACEMENT_3D('',#4494,#3555,#3556);
#3223=AXIS2_PLACEMENT_3D('',#4496,#3558,#3559);
#3224=AXIS2_PLACEMENT_3D('',#4502,#3563,#3564);
#3225=AXIS2_PLACEMENT_3D('',#4503,#3565,#3566);
#3226=AXIS2_PLACEMENT_3D('',#4504,#3567,#3568);
#3227=AXIS2_PLACEMENT_3D('',#4505,#3569,#3570);
#3228=AXIS2_PLACEMENT_3D('',#4515,#3576,#3577);
#3229=AXIS2_PLACEMENT_3D('',#4517,#3578,#3579);
#3230=AXIS2_PLACEMENT_3D('',#4521,#3581,#3582);
#3231=AXIS2_PLACEMENT_3D('',#4525,#3584,#3585);
#3232=AXIS2_PLACEMENT_3D('',#4528,#3587,#3588);
#3233=AXIS2_PLACEMENT_3D('',#4532,#3590,#3591);
#3234=AXIS2_PLACEMENT_3D('',#4536,#3593,#3594);
#3235=AXIS2_PLACEMENT_3D('',#4540,#3596,#3597);
#3236=AXIS2_PLACEMENT_3D('',#4544,#3599,#3600);
#3237=AXIS2_PLACEMENT_3D('',#4546,#3602,#3603);
#3238=AXIS2_PLACEMENT_3D('',#4549,#3604,#3605);
#3239=AXIS2_PLACEMENT_3D('',#4552,#3608,#3609);
#3240=AXIS2_PLACEMENT_3D('',#4556,#3612,#3613);
#3241=AXIS2_PLACEMENT_3D('',#4558,#3614,#3615);
#3242=AXIS2_PLACEMENT_3D('',#4560,#3617,#3618);
#3243=AXIS2_PLACEMENT_3D('',#4564,#3621,#3622);
#3244=AXIS2_PLACEMENT_3D('',#4566,#3623,#3624);
#3245=AXIS2_PLACEMENT_3D('',#4568,#3626,#3627);
#3246=AXIS2_PLACEMENT_3D('',#4572,#3630,#3631);
#3247=AXIS2_PLACEMENT_3D('',#4574,#3632,#3633);
#3248=AXIS2_PLACEMENT_3D('',#4576,#3635,#3636);
#3249=AXIS2_PLACEMENT_3D('',#4578,#3638,#3639);
#3250=AXIS2_PLACEMENT_3D('',#4583,#3641,#3642);
#3251=AXIS2_PLACEMENT_3D('',#4587,#3644,#3645);
#3252=AXIS2_PLACEMENT_3D('',#4591,#3647,#3648);
#3253=AXIS2_PLACEMENT_3D('',#4594,#3650,#3651);
#3254=AXIS2_PLACEMENT_3D('',#4595,#3652,#3653);
#3255=AXIS2_PLACEMENT_3D('',#4602,#3658,#3659);
#3256=AXIS2_PLACEMENT_3D('',#4613,#3666,#3667);
#3257=AXIS2_PLACEMENT_3D('',#4619,#3671,#3672);
#3258=AXIS2_PLACEMENT_3D('',#4620,#3673,#3674);
#3259=AXIS2_PLACEMENT_3D('',#4621,#3675,#3676);
#3260=AXIS2_PLACEMENT_3D('',#4624,#3678,#3679);
#3261=AXIS2_PLACEMENT_3D('',#4625,#3680,#3681);
#3262=AXIS2_PLACEMENT_3D('',#4629,#3683,#3684);
#3263=AXIS2_PLACEMENT_3D('',#4632,#3687,#3688);
#3264=AXIS2_PLACEMENT_3D('',#4636,#3691,#3692);
#3265=AXIS2_PLACEMENT_3D('',#4637,#3693,#3694);
#3266=AXIS2_PLACEMENT_3D('',#4638,#3695,#3696);
#3267=AXIS2_PLACEMENT_3D('',#4641,#3698,#3699);
#3268=AXIS2_PLACEMENT_3D('',#4642,#3700,#3701);
#3269=AXIS2_PLACEMENT_3D('',#4648,#3705,#3706);
#3270=AXIS2_PLACEMENT_3D('',#4652,#3709,#3710);
#3271=AXIS2_PLACEMENT_3D('',#4653,#3711,#3712);
#3272=AXIS2_PLACEMENT_3D('',#4654,#3713,#3714);
#3273=AXIS2_PLACEMENT_3D('',#4657,#3716,#3717);
#3274=AXIS2_PLACEMENT_3D('',#4658,#3718,#3719);
#3275=AXIS2_PLACEMENT_3D('',#4659,#3720,#3721);
#3276=AXIS2_PLACEMENT_3D('',#4663,#3723,#3724);
#3277=AXIS2_PLACEMENT_3D('',#4665,#3726,#3727);
#3278=AXIS2_PLACEMENT_3D('',#4667,#3729,#3730);
#3279=AXIS2_PLACEMENT_3D('',#4669,#3732,#3733);
#3280=AXIS2_PLACEMENT_3D('',#4671,#3734,#3735);
#3281=AXIS2_PLACEMENT_3D('',#4672,#3736,#3737);
#3282=AXIS2_PLACEMENT_3D('',#4675,#3738,#3739);
#3283=AXIS2_PLACEMENT_3D('',#4679,#3741,#3742);
#3284=AXIS2_PLACEMENT_3D('',#4682,#3744,#3745);
#3285=AXIS2_PLACEMENT_3D('',#4685,#3747,#3748);
#3286=AXIS2_PLACEMENT_3D('',#4687,#3749,#3750);
#3287=AXIS2_PLACEMENT_3D('',#4688,#3751,#3752);
#3288=AXIS2_PLACEMENT_3D('',#4691,#3755,#3756);
#3289=AXIS2_PLACEMENT_3D('',#4693,#3758,#3759);
#3290=AXIS2_PLACEMENT_3D('',#4695,#3761,#3762);
#3291=AXIS2_PLACEMENT_3D('',#4697,#3764,#3765);
#3292=AXIS2_PLACEMENT_3D('',#4698,#3766,#3767);
#3293=AXIS2_PLACEMENT_3D('',#4699,#3768,#3769);
#3294=AXIS2_PLACEMENT_3D('',#4701,#3770,#3771);
#3295=AXIS2_PLACEMENT_3D('',#4703,#3772,#3773);
#3296=AXIS2_PLACEMENT_3D('',#4704,#3774,#3775);
#3297=AXIS2_PLACEMENT_3D('',#4706,#3776,#3777);
#3298=AXIS2_PLACEMENT_3D('',#4708,#3779,#3780);
#3299=AXIS2_PLACEMENT_3D('',#4710,#3782,#3783);
#3300=AXIS2_PLACEMENT_3D('',#4712,#3784,#3785);
#3301=AXIS2_PLACEMENT_3D('',#4714,#3786,#3787);
#3302=AXIS2_PLACEMENT_3D('',#4715,#3788,#3789);
#3303=AXIS2_PLACEMENT_3D('',#4717,#3790,#3791);
#3304=AXIS2_PLACEMENT_3D('',#4719,#3793,#3794);
#3305=AXIS2_PLACEMENT_3D('',#4721,#3796,#3797);
#3306=AXIS2_PLACEMENT_3D('',#4723,#3798,#3799);
#3307=AXIS2_PLACEMENT_3D('',#4725,#3800,#3801);
#3308=AXIS2_PLACEMENT_3D('',#4726,#3802,#3803);
#3309=AXIS2_PLACEMENT_3D('',#4728,#3804,#3805);
#3310=AXIS2_PLACEMENT_3D('',#4730,#3807,#3808);
#3311=AXIS2_PLACEMENT_3D('',#4732,#3810,#3811);
#3312=AXIS2_PLACEMENT_3D('',#4734,#3812,#3813);
#3313=AXIS2_PLACEMENT_3D('',#4736,#3814,#3815);
#3314=AXIS2_PLACEMENT_3D('',#4737,#3816,#3817);
#3315=AXIS2_PLACEMENT_3D('',#4739,#3818,#3819);
#3316=AXIS2_PLACEMENT_3D('',#4741,#3821,#3822);
#3317=AXIS2_PLACEMENT_3D('',#4743,#3824,#3825);
#3318=AXIS2_PLACEMENT_3D('',#4747,#3828,#3829);
#3319=AXIS2_PLACEMENT_3D('',#4750,#3831,#3832);
#3320=AXIS2_PLACEMENT_3D('',#4751,#3833,#3834);
#3321=AXIS2_PLACEMENT_3D('',#4755,#3837,#3838);
#3322=AXIS2_PLACEMENT_3D('',#4756,#3839,#3840);
#3323=AXIS2_PLACEMENT_3D('',#4757,#3841,#3842);
#3324=AXIS2_PLACEMENT_3D('',#4758,#3843,#3844);
#3325=AXIS2_PLACEMENT_3D('',#4767,#3849,#3850);
#3326=AXIS2_PLACEMENT_3D('',#4776,#3855,#3856);
#3327=AXIS2_PLACEMENT_3D('',#4781,#3858,#3859);
#3328=AXIS2_PLACEMENT_3D('',#4787,#3862,#3863);
#3329=AXIS2_PLACEMENT_3D('',#4795,#3867,#3868);
#3330=AXIS2_PLACEMENT_3D('',#4801,#3871,#3872);
#3331=AXIS2_PLACEMENT_3D('',#4805,#3874,#3875);
#3332=AXIS2_PLACEMENT_3D('',#4808,#3877,#3878);
#3333=AXIS2_PLACEMENT_3D('',#4813,#3880,#3881);
#3334=AXIS2_PLACEMENT_3D('',#4817,#3883,#3884);
#3335=AXIS2_PLACEMENT_3D('',#4821,#3886,#3887);
#3336=AXIS2_PLACEMENT_3D('',#4824,#3889,#3890);
#3337=AXIS2_PLACEMENT_3D('',#4825,#3891,#3892);
#3338=AXIS2_PLACEMENT_3D('',#4835,#3898,#3899);
#3339=AXIS2_PLACEMENT_3D('',#4845,#3905,#3906);
#3340=AXIS2_PLACEMENT_3D('',#4847,#3907,#3908);
#3341=AXIS2_PLACEMENT_3D('',#4850,#3910,#3911);
#3342=AXIS2_PLACEMENT_3D('',#4851,#3912,#3913);
#3343=AXIS2_PLACEMENT_3D('',#4857,#3917,#3918);
#3344=AXIS2_PLACEMENT_3D('',#4858,#3919,#3920);
#3345=AXIS2_PLACEMENT_3D('',#4859,#3921,#3922);
#3346=AXIS2_PLACEMENT_3D('',#4860,#3923,#3924);
#3347=AXIS2_PLACEMENT_3D('',#4862,#3925,#3926);
#3348=AXIS2_PLACEMENT_3D('',#4865,#3928,#3929);
#3349=AXIS2_PLACEMENT_3D('',#4866,#3930,#3931);
#3350=AXIS2_PLACEMENT_3D('',#4872,#3935,#3936);
#3351=AXIS2_PLACEMENT_3D('',#4874,#3937,#3938);
#3352=AXIS2_PLACEMENT_3D('',#4877,#3940,#3941);
#3353=AXIS2_PLACEMENT_3D('',#4878,#3942,#3943);
#3354=AXIS2_PLACEMENT_3D('',#4884,#3947,#3948);
#3355=AXIS2_PLACEMENT_3D('',#4886,#3949,#3950);
#3356=AXIS2_PLACEMENT_3D('',#4889,#3952,#3953);
#3357=AXIS2_PLACEMENT_3D('',#4890,#3954,#3955);
#3358=AXIS2_PLACEMENT_3D('',#4896,#3959,#3960);
#3359=AXIS2_PLACEMENT_3D('',#4897,#3961,#3962);
#3360=AXIS2_PLACEMENT_3D('',#4898,#3963,#3964);
#3361=AXIS2_PLACEMENT_3D('',#4899,#3965,#3966);
#3362=AXIS2_PLACEMENT_3D('',#4903,#3968,#3969);
#3363=AXIS2_PLACEMENT_3D('',#4907,#3971,#3972);
#3364=AXIS2_PLACEMENT_3D('',#4911,#3974,#3975);
#3365=AXIS2_PLACEMENT_3D('',#4915,#3977,#3978);
#3366=AXIS2_PLACEMENT_3D('',#4917,#3980,#3981);
#3367=AXIS2_PLACEMENT_3D('',#4923,#3985,#3986);
#3368=AXIS2_PLACEMENT_3D('',#4926,#3988,#3989);
#3369=AXIS2_PLACEMENT_3D('',#4927,#3990,#3991);
#3370=AXIS2_PLACEMENT_3D('',#4931,#3994,#3995);
#3371=AXIS2_PLACEMENT_3D('',#4934,#3997,#3998);
#3372=AXIS2_PLACEMENT_3D('',#4935,#3999,#4000);
#3373=AXIS2_PLACEMENT_3D('',#4939,#4003,#4004);
#3374=AXIS2_PLACEMENT_3D('',#4942,#4006,#4007);
#3375=AXIS2_PLACEMENT_3D('',#4943,#4008,#4009);
#3376=AXIS2_PLACEMENT_3D('',#4947,#4012,#4013);
#3377=AXIS2_PLACEMENT_3D('',#4949,#4014,#4015);
#3378=AXIS2_PLACEMENT_3D('',#4950,#4016,#4017);
#3379=AXIS2_PLACEMENT_3D('',#4957,#4022,#4023);
#3380=AXIS2_PLACEMENT_3D('',#4963,#4027,#4028);
#3381=AXIS2_PLACEMENT_3D('',#4967,#4031,#4032);
#3382=AXIS2_PLACEMENT_3D('',#4968,#4033,#4034);
#3383=AXIS2_PLACEMENT_3D('',#4969,#4035,#4036);
#3384=AXIS2_PLACEMENT_3D('',#4971,#4037,#4038);
#3385=AXIS2_PLACEMENT_3D('',#4973,#4040,#4041);
#3386=AXIS2_PLACEMENT_3D('',#4975,#4042,#4043);
#3387=AXIS2_PLACEMENT_3D('',#4976,#4044,#4045);
#3388=AXIS2_PLACEMENT_3D('',#4982,#4049,#4050);
#3389=AXIS2_PLACEMENT_3D('',#4986,#4053,#4054);
#3390=AXIS2_PLACEMENT_3D('',#4990,#4057,#4058);
#3391=AXIS2_PLACEMENT_3D('',#4991,#4059,#4060);
#3392=AXIS2_PLACEMENT_3D('',#4992,#4061,#4062);
#3393=AXIS2_PLACEMENT_3D('',#4994,#4063,#4064);
#3394=AXIS2_PLACEMENT_3D('',#4996,#4066,#4067);
#3395=AXIS2_PLACEMENT_3D('',#4998,#4068,#4069);
#3396=AXIS2_PLACEMENT_3D('',#4999,#4070,#4071);
#3397=AXIS2_PLACEMENT_3D('',#5001,#4072,#4073);
#3398=AXIS2_PLACEMENT_3D('',#5002,#4074,#4075);
#3399=AXIS2_PLACEMENT_3D('',#5006,#4077,#4078);
#3400=AXIS2_PLACEMENT_3D('',#5010,#4080,#4081);
#3401=AXIS2_PLACEMENT_3D('',#5014,#4083,#4084);
#3402=AXIS2_PLACEMENT_3D('',#5017,#4086,#4087);
#3403=AXIS2_PLACEMENT_3D('',#5019,#4088,#4089);
#3404=AXIS2_PLACEMENT_3D('',#5021,#4090,#4091);
#3405=AXIS2_PLACEMENT_3D('',#5023,#4092,#4093);
#3406=AXIS2_PLACEMENT_3D('',#5025,#4094,#4095);
#3407=AXIS2_PLACEMENT_3D('',#5026,#4096,#4097);
#3408=AXIS2_PLACEMENT_3D('',#5029,#4100,#4101);
#3409=AXIS2_PLACEMENT_3D('',#5032,#4104,#4105);
#3410=AXIS2_PLACEMENT_3D('',#5034,#4107,#4108);
#3411=AXIS2_PLACEMENT_3D('',#5036,#4110,#4111);
#3412=AXIS2_PLACEMENT_3D('',#5037,#4112,#4113);
#3413=AXIS2_PLACEMENT_3D('',#5039,#4114,#4115);
#3414=AXIS2_PLACEMENT_3D('',#5041,#4117,#4118);
#3415=AXIS2_PLACEMENT_3D('',#5043,#4119,#4120);
#3416=AXIS2_PLACEMENT_3D('',#5045,#4122,#4123);
#3417=AXIS2_PLACEMENT_3D('',#5048,#4125,#4126);
#3418=AXIS2_PLACEMENT_3D('',#5049,#4127,#4128);
#3419=AXIS2_PLACEMENT_3D('',#5052,#4130,#4131);
#3420=AXIS2_PLACEMENT_3D('',#5053,#4132,#4133);
#3421=AXIS2_PLACEMENT_3D('',#5056,#4135,#4136);
#3422=AXIS2_PLACEMENT_3D('',#5057,#4137,#4138);
#3423=AXIS2_PLACEMENT_3D('',#5060,#4140,#4141);
#3424=AXIS2_PLACEMENT_3D('',#5061,#4142,#4143);
#3425=AXIS2_PLACEMENT_3D('',#5074,#4150,#4151);
#3426=AXIS2_PLACEMENT_3D('',#5087,#4158,#4159);
#3427=AXIS2_PLACEMENT_3D('',#5090,#4162,#4163);
#3428=AXIS2_PLACEMENT_3D('',#5092,#4165,#4166);
#3429=AXIS2_PLACEMENT_3D('',#5094,#4168,#4169);
#3430=AXIS2_PLACEMENT_3D('',#5096,#4171,#4172);
#3431=AXIS2_PLACEMENT_3D('',#5098,#4174,#4175);
#3432=AXIS2_PLACEMENT_3D('',#5099,#4176,#4177);
#3433=AXIS2_PLACEMENT_3D('',#5112,#4184,#4185);
#3434=AXIS2_PLACEMENT_3D('',#5125,#4192,#4193);
#3435=AXIS2_PLACEMENT_3D('',#5128,#4196,#4197);
#3436=AXIS2_PLACEMENT_3D('',#5130,#4199,#4200);
#3437=AXIS2_PLACEMENT_3D('',#5132,#4202,#4203);
#3438=AXIS2_PLACEMENT_3D('',#5134,#4205,#4206);
#3439=AXIS2_PLACEMENT_3D('',#5136,#4208,#4209);
#3440=AXIS2_PLACEMENT_3D('',#5137,#4210,#4211);
#3441=AXIS2_PLACEMENT_3D('',#5150,#4218,#4219);
#3442=AXIS2_PLACEMENT_3D('',#5163,#4226,#4227);
#3443=AXIS2_PLACEMENT_3D('',#5166,#4230,#4231);
#3444=AXIS2_PLACEMENT_3D('',#5168,#4233,#4234);
#3445=AXIS2_PLACEMENT_3D('',#5170,#4236,#4237);
#3446=AXIS2_PLACEMENT_3D('',#5172,#4239,#4240);
#3447=AXIS2_PLACEMENT_3D('',#5174,#4242,#4243);
#3448=AXIS2_PLACEMENT_3D('',#5175,#4244,#4245);
#3449=AXIS2_PLACEMENT_3D('',#5188,#4252,#4253);
#3450=AXIS2_PLACEMENT_3D('',#5201,#4260,#4261);
#3451=AXIS2_PLACEMENT_3D('',#5204,#4264,#4265);
#3452=AXIS2_PLACEMENT_3D('',#5206,#4267,#4268);
#3453=AXIS2_PLACEMENT_3D('',#5208,#4270,#4271);
#3454=AXIS2_PLACEMENT_3D('',#5210,#4273,#4274);
#3455=AXIS2_PLACEMENT_3D('',#5212,#4276,#4277);
#3456=AXIS2_PLACEMENT_3D('',#5213,#4278,#4279);
#3457=AXIS2_PLACEMENT_3D('',#5214,#4280,#4281);
#3458=AXIS2_PLACEMENT_3D('',#5215,#4282,#4283);
#3459=AXIS2_PLACEMENT_3D('',#5217,#4285,#4286);
#3460=AXIS2_PLACEMENT_3D('',#5218,#4287,#4288);
#3461=AXIS2_PLACEMENT_3D('',#5219,#4289,#4290);
#3462=AXIS2_PLACEMENT_3D('',#5224,#4292,#4293);
#3463=AXIS2_PLACEMENT_3D('',#5228,#4295,#4296);
#3464=AXIS2_PLACEMENT_3D('',#5233,#4299,#4300);
#3465=AXIS2_PLACEMENT_3D('',#5234,#4301,#4302);
#3466=AXIS2_PLACEMENT_3D('',#5240,#4306,#4307);
#3467=AXIS2_PLACEMENT_3D('',#5244,#4309,#4310);
#3468=AXIS2_PLACEMENT_3D('',#5245,#4311,#4312);
#3469=AXIS2_PLACEMENT_3D('',#5246,#4313,#4314);
#3470=AXIS2_PLACEMENT_3D('',#5252,#4318,#4319);
#3471=AXIS2_PLACEMENT_3D('',#5258,#4323,#4324);
#3472=AXIS2_PLACEMENT_3D('',#5261,#4326,#4327);
#3473=AXIS2_PLACEMENT_3D('',#5262,#4328,#4329);
#3474=AXIS2_PLACEMENT_3D('',#5266,#4332,#4333);
#3475=AXIS2_PLACEMENT_3D('',#5271,#4336,#4337);
#3476=AXIS2_PLACEMENT_3D('',#5272,#4338,#4339);
#3477=AXIS2_PLACEMENT_3D('',#5278,#4343,#4344);
#3478=AXIS2_PLACEMENT_3D('',#5284,#4348,#4349);
#3479=AXIS2_PLACEMENT_3D('',#5287,#4352,#4353);
#3480=AXIS2_PLACEMENT_3D('',#5297,#4359,#4360);
#3481=AXIS2_PLACEMENT_3D('',#5300,#4363,#4364);
#3482=AXIS2_PLACEMENT_3D('',#5304,#4367,#4368);
#3483=AXIS2_PLACEMENT_3D('',#5306,#4369,#4370);
#3484=AXIS2_PLACEMENT_3D('',#5309,#4372,#4373);
#3485=AXIS2_PLACEMENT_3D('',#5310,#4374,#4375);
#3486=AXIS2_PLACEMENT_3D('',#5312,#4376,#4377);
#3487=AXIS2_PLACEMENT_3D('',#5315,#4379,#4380);
#3488=AXIS2_PLACEMENT_3D('',#5316,#4381,#4382);
#3489=AXIS2_PLACEMENT_3D('',#5318,#4383,#4384);
#3490=AXIS2_PLACEMENT_3D('',#5321,#4386,#4387);
#3491=AXIS2_PLACEMENT_3D('',#5322,#4388,#4389);
#3492=AXIS2_PLACEMENT_3D('',#5324,#4390,#4391);
#3493=AXIS2_PLACEMENT_3D('',#5327,#4393,#4394);
#3494=AXIS2_PLACEMENT_3D('',#5328,#4395,#4396);
#3495=AXIS2_PLACEMENT_3D('',#5332,#4398,#4399);
#3496=AXIS2_PLACEMENT_3D('',#5333,#4400,#4401);
#3497=AXIS2_PLACEMENT_3D('',#5334,#4402,#4403);
#3498=AXIS2_PLACEMENT_3D('',#5340,#4407,#4408);
#3499=AXIS2_PLACEMENT_3D('',#5341,#4409,#4410);
#3500=AXIS2_PLACEMENT_3D('',#5342,#4411,#4412);
#3501=AXIS2_PLACEMENT_3D('',#5343,#4413,#4414);
#3502=AXIS2_PLACEMENT_3D('',#5344,#4415,#4416);
#3503=AXIS2_PLACEMENT_3D('',#5346,#4418,#4419);
#3504=AXIS2_PLACEMENT_3D('',#5348,#4420,#4421);
#3505=AXIS2_PLACEMENT_3D('',#5350,#4423,#4424);
#3506=AXIS2_PLACEMENT_3D('',#5354,#4427,#4428);
#3507=AXIS2_PLACEMENT_3D('',#5355,#4429,#4430);
#3508=AXIS2_PLACEMENT_3D('',#5356,#4431,#4432);
#3509=AXIS2_PLACEMENT_3D('',#5357,#4433,#4434);
#3510=AXIS2_PLACEMENT_3D('',#5358,#4435,#4436);
#3511=DIRECTION('axis',(0.,0.,1.));
#3512=DIRECTION('refdir',(1.,0.,0.));
#3513=DIRECTION('axis',(0.,0.,1.));
#3514=DIRECTION('refdir',(1.,0.,0.));
#3515=DIRECTION('center_axis',(0.,0.,1.));
#3516=DIRECTION('ref_axis',(1.,0.,0.));
#3517=DIRECTION('',(-0.00374607666971883,0.999992983430176,0.));
#3518=DIRECTION('',(-1.,5.78617863771625E-17,0.));
#3519=DIRECTION('center_axis',(0.,0.,-1.));
#3520=DIRECTION('ref_axis',(-3.91656901124782E-8,-0.999999999999999,0.));
#3521=DIRECTION('',(0.,-1.,0.));
#3522=DIRECTION('center_axis',(0.,0.,1.));
#3523=DIRECTION('ref_axis',(-1.,0.,0.));
#3524=DIRECTION('',(0.,-1.,0.));
#3525=DIRECTION('center_axis',(0.,0.,1.));
#3526=DIRECTION('ref_axis',(-1.,0.,0.));
#3527=DIRECTION('',(0.,-1.,0.));
#3528=DIRECTION('center_axis',(0.,0.,-1.));
#3529=DIRECTION('ref_axis',(0.999999999999999,-3.91669977386235E-8,0.));
#3530=DIRECTION('',(1.,-5.78617863771616E-17,0.));
#3531=DIRECTION('',(-0.00235965109848211,0.999997216019471,0.));
#3532=DIRECTION('center_axis',(0.,0.,1.));
#3533=DIRECTION('ref_axis',(-1.,0.,0.));
#3534=DIRECTION('',(0.999996330712036,-0.00270897812191551,0.));
#3535=DIRECTION('',(5.82412082416938E-16,1.,0.));
#3536=DIRECTION('',(-1.,4.3073031678131E-16,0.));
#3537=DIRECTION('center_axis',(0.,0.,1.));
#3538=DIRECTION('ref_axis',(-1.,0.,0.));
#3539=DIRECTION('center_axis',(0.,-1.,0.));
#3540=DIRECTION('ref_axis',(0.,0.,-1.));
#3541=DIRECTION('',(0.,0.,1.));
#3542=DIRECTION('',(1.,0.,0.));
#3543=DIRECTION('',(0.,0.,-1.));
#3544=DIRECTION('',(-1.,0.,0.));
#3545=DIRECTION('center_axis',(0.,1.,0.));
#3546=DIRECTION('ref_axis',(0.,0.,1.));
#3547=DIRECTION('',(1.,0.,0.));
#3548=DIRECTION('',(0.,0.,1.));
#3549=DIRECTION('',(1.,0.,0.));
#3550=DIRECTION('',(0.,0.,-1.));
#3551=DIRECTION('center_axis',(1.,0.,0.));
#3552=DIRECTION('ref_axis',(0.,1.,0.));
#3553=DIRECTION('center_axis',(-1.,5.82412080699728E-16,0.));
#3554=DIRECTION('ref_axis',(0.,1.,0.));
#3555=DIRECTION('center_axis',(1.,-5.82412082416938E-16,0.));
#3556=DIRECTION('ref_axis',(0.,1.,0.));
#3557=DIRECTION('',(1.,0.,0.));
#3558=DIRECTION('center_axis',(0.,0.,-1.));
#3559=DIRECTION('ref_axis',(0.,1.,0.));
#3560=DIRECTION('',(-5.82412080699728E-16,-1.,0.));
#3561=DIRECTION('',(5.82412082416938E-16,1.,0.));
#3562=DIRECTION('',(1.,0.,0.));
#3563=DIRECTION('center_axis',(1.,0.,0.));
#3564=DIRECTION('ref_axis',(0.,0.,-1.));
#3565=DIRECTION('center_axis',(-1.,5.82412080699728E-16,0.));
#3566=DIRECTION('ref_axis',(0.,0.,-1.));
#3567=DIRECTION('center_axis',(1.,-5.82412082416938E-16,0.));
#3568=DIRECTION('ref_axis',(0.,0.,-1.));
#3569=DIRECTION('center_axis',(-1.,5.82412082416938E-16,0.));
#3570=DIRECTION('ref_axis',(-5.82412082416938E-16,-1.,0.));
#3571=DIRECTION('',(-5.82412082416938E-16,-1.,0.));
#3572=DIRECTION('',(0.,0.,1.));
#3573=DIRECTION('',(5.82412082416938E-16,1.,0.));
#3574=DIRECTION('',(0.,0.,1.));
#3575=DIRECTION('',(-5.82412082416938E-16,-1.,0.));
#3576=DIRECTION('center_axis',(0.,0.,1.));
#3577=DIRECTION('ref_axis',(-1.,0.,0.));
#3578=DIRECTION('center_axis',(0.,0.,1.));
#3579=DIRECTION('ref_axis',(-0.999999999999999,3.91585354017694E-8,0.));
#3580=DIRECTION('',(1.,-2.89308931885813E-17,0.));
#3581=DIRECTION('center_axis',(0.,0.,1.));
#3582=DIRECTION('ref_axis',(-3.91656901124781E-8,-0.999999999999999,0.));
#3583=DIRECTION('',(-5.82412082416071E-16,1.,0.));
#3584=DIRECTION('center_axis',(0.,0.,1.));
#3585=DIRECTION('ref_axis',(0.999999999999999,-3.9166998821768E-8,0.));
#3586=DIRECTION('',(-1.,5.78617863771616E-17,0.));
#3587=DIRECTION('center_axis',(0.,0.,1.));
#3588=DIRECTION('ref_axis',(3.91665869560884E-8,0.999999999999999,0.));
#3589=DIRECTION('',(5.82412080699728E-16,1.,0.));
#3590=DIRECTION('center_axis',(0.,0.,-1.));
#3591=DIRECTION('ref_axis',(4.72302977222792E-8,0.999999999999999,0.));
#3592=DIRECTION('',(1.,-2.89308931716322E-17,0.));
#3593=DIRECTION('center_axis',(0.,0.,-1.));
#3594=DIRECTION('ref_axis',(0.999999999999999,-4.72307930776933E-8,0.));
#3595=DIRECTION('',(5.82412080699234E-16,-1.,0.));
#3596=DIRECTION('center_axis',(0.,0.,-1.));
#3597=DIRECTION('ref_axis',(-4.72292149282427E-8,-0.999999999999999,0.));
#3598=DIRECTION('',(-1.,2.89308931716324E-17,0.));
#3599=DIRECTION('center_axis',(0.,0.,-1.));
#3600=DIRECTION('ref_axis',(-0.999999999999999,4.72205868622529E-8,0.));
#3601=DIRECTION('',(5.82412080699728E-16,1.,0.));
#3602=DIRECTION('center_axis',(0.,0.,1.));
#3603=DIRECTION('ref_axis',(-0.999999999999999,4.72205868622529E-8,0.));
#3604=DIRECTION('center_axis',(0.,0.,1.));
#3605=DIRECTION('ref_axis',(-0.999999999999999,4.72205868622529E-8,0.));
#3606=DIRECTION('',(0.,0.,1.));
#3607=DIRECTION('',(0.,0.,1.));
#3608=DIRECTION('center_axis',(2.89308931716324E-17,1.,0.));
#3609=DIRECTION('ref_axis',(-1.,2.89308931716324E-17,0.));
#3610=DIRECTION('',(1.,-2.89308931716324E-17,0.));
#3611=DIRECTION('',(0.,0.,1.));
#3612=DIRECTION('center_axis',(0.,0.,1.));
#3613=DIRECTION('ref_axis',(-4.72292149282427E-8,-0.999999999999999,0.));
#3614=DIRECTION('center_axis',(0.,0.,1.));
#3615=DIRECTION('ref_axis',(-4.72292149282427E-8,-0.999999999999999,0.));
#3616=DIRECTION('',(0.,0.,1.));
#3617=DIRECTION('center_axis',(-1.,-5.82412080699234E-16,0.));
#3618=DIRECTION('ref_axis',(5.82412080699234E-16,-1.,0.));
#3619=DIRECTION('',(-5.82412080699234E-16,1.,0.));
#3620=DIRECTION('',(0.,0.,1.));
#3621=DIRECTION('center_axis',(0.,0.,1.));
#3622=DIRECTION('ref_axis',(0.999999999999999,-4.72307930776933E-8,0.));
#3623=DIRECTION('center_axis',(0.,0.,1.));
#3624=DIRECTION('ref_axis',(0.999999999999999,-4.72307930776933E-8,0.));
#3625=DIRECTION('',(0.,0.,1.));
#3626=DIRECTION('center_axis',(-2.89308931716322E-17,-1.,0.));
#3627=DIRECTION('ref_axis',(1.,-2.89308931716322E-17,0.));
#3628=DIRECTION('',(-1.,2.89308931716322E-17,0.));
#3629=DIRECTION('',(0.,0.,1.));
#3630=DIRECTION('center_axis',(0.,0.,1.));
#3631=DIRECTION('ref_axis',(4.72302977222792E-8,0.999999999999999,0.));
#3632=DIRECTION('center_axis',(0.,0.,1.));
#3633=DIRECTION('ref_axis',(4.72302977222792E-8,0.999999999999999,0.));
#3634=DIRECTION('',(0.,0.,1.));
#3635=DIRECTION('center_axis',(1.,-5.82412080699728E-16,0.));
#3636=DIRECTION('ref_axis',(5.82412080699728E-16,1.,0.));
#3637=DIRECTION('',(-5.82412080699728E-16,-1.,0.));
#3638=DIRECTION('center_axis',(0.,0.,-1.));
#3639=DIRECTION('ref_axis',(-1.,0.,0.));
#3640=DIRECTION('',(1.,-5.78617863771625E-17,0.));
#3641=DIRECTION('center_axis',(0.,0.,1.));
#3642=DIRECTION('ref_axis',(-0.999999999999999,3.91585370264862E-8,0.));
#3643=DIRECTION('',(-5.82412082416938E-16,-1.,0.));
#3644=DIRECTION('center_axis',(0.,0.,1.));
#3645=DIRECTION('ref_axis',(3.91665880392329E-8,0.999999999999999,0.));
#3646=DIRECTION('',(-1.,5.78617863771616E-17,0.));
#3647=DIRECTION('center_axis',(0.,0.,1.));
#3648=DIRECTION('ref_axis',(0.999999999999999,-3.91669977386235E-8,0.));
#3649=DIRECTION('',(0.,1.,0.));
#3650=DIRECTION('center_axis',(0.,0.,1.));
#3651=DIRECTION('ref_axis',(-3.91656901124782E-8,-0.999999999999999,0.));
#3652=DIRECTION('center_axis',(5.78617863771616E-17,1.,0.));
#3653=DIRECTION('ref_axis',(-1.,5.78617863771616E-17,0.));
#3654=DIRECTION('',(0.,0.,1.));
#3655=DIRECTION('',(1.,-5.78617863771616E-17,0.));
#3656=DIRECTION('',(0.,0.,-1.));
#3657=DIRECTION('',(0.,0.,-1.));
#3658=DIRECTION('center_axis',(-1.,5.82412082416938E-16,0.));
#3659=DIRECTION('ref_axis',(-5.82412082416938E-16,-1.,0.));
#3660=DIRECTION('',(0.,0.,1.));
#3661=DIRECTION('',(5.82412082416938E-16,1.,0.));
#3662=DIRECTION('',(0.,0.,-1.));
#3663=DIRECTION('',(0.,0.,1.));
#3664=DIRECTION('',(5.82412082416938E-16,1.,0.));
#3665=DIRECTION('',(0.,0.,1.));
#3666=DIRECTION('center_axis',(-5.78617863771625E-17,-1.,0.));
#3667=DIRECTION('ref_axis',(1.,-5.78617863771625E-17,0.));
#3668=DIRECTION('',(0.,0.,1.));
#3669=DIRECTION('',(-1.,5.78617863771625E-17,0.));
#3670=DIRECTION('',(0.,0.,1.));
#3671=DIRECTION('center_axis',(0.,0.,1.));
#3672=DIRECTION('ref_axis',(-0.999999999999999,3.91585370264862E-8,0.));
#3673=DIRECTION('center_axis',(0.,0.,1.));
#3674=DIRECTION('ref_axis',(-0.999999999999999,3.91585370264862E-8,0.));
#3675=DIRECTION('center_axis',(0.,0.,1.));
#3676=DIRECTION('ref_axis',(3.91665880392329E-8,0.999999999999999,0.));
#3677=DIRECTION('',(0.,0.,1.));
#3678=DIRECTION('center_axis',(0.,0.,1.));
#3679=DIRECTION('ref_axis',(3.91665880392329E-8,0.999999999999999,0.));
#3680=DIRECTION('center_axis',(0.,0.,1.));
#3681=DIRECTION('ref_axis',(-3.91656901124782E-8,-0.999999999999999,0.));
#3682=DIRECTION('',(0.,0.,1.));
#3683=DIRECTION('center_axis',(0.,0.,-1.));
#3684=DIRECTION('ref_axis',(-3.91656901124782E-8,-0.999999999999999,0.));
#3685=DIRECTION('',(0.,0.,-1.));
#3686=DIRECTION('',(0.,0.,-1.));
#3687=DIRECTION('center_axis',(1.,0.,0.));
#3688=DIRECTION('ref_axis',(0.,1.,0.));
#3689=DIRECTION('',(0.,0.,1.));
#3690=DIRECTION('',(0.,-1.,0.));
#3691=DIRECTION('center_axis',(0.,0.,1.));
#3692=DIRECTION('ref_axis',(3.91665880392329E-8,0.999999999999999,0.));
#3693=DIRECTION('center_axis',(0.,0.,-1.));
#3694=DIRECTION('ref_axis',(3.91665880392329E-8,0.999999999999999,0.));
#3695=DIRECTION('center_axis',(0.,0.,1.));
#3696=DIRECTION('ref_axis',(-0.999999999999999,3.91585370264862E-8,0.));
#3697=DIRECTION('',(0.,0.,1.));
#3698=DIRECTION('center_axis',(0.,0.,-1.));
#3699=DIRECTION('ref_axis',(-0.999999999999999,3.91585370264862E-8,0.));
#3700=DIRECTION('center_axis',(0.999992983430176,0.00374607666971883,0.));
#3701=DIRECTION('ref_axis',(-0.00374607666971883,0.999992983430176,0.));
#3702=DIRECTION('',(0.,0.,1.));
#3703=DIRECTION('',(-0.00374607666971883,0.999992983430176,0.));
#3704=DIRECTION('',(0.,0.,1.));
#3705=DIRECTION('center_axis',(4.3073031678131E-16,1.,0.));
#3706=DIRECTION('ref_axis',(-1.,4.3073031678131E-16,0.));
#3707=DIRECTION('',(-1.,4.3073031678131E-16,0.));
#3708=DIRECTION('',(0.,0.,-1.));
#3709=DIRECTION('center_axis',(0.,0.,1.));
#3710=DIRECTION('ref_axis',(-1.,0.,0.));
#3711=DIRECTION('center_axis',(0.,0.,1.));
#3712=DIRECTION('ref_axis',(-1.,0.,0.));
#3713=DIRECTION('center_axis',(0.,0.,1.));
#3714=DIRECTION('ref_axis',(-1.,0.,0.));
#3715=DIRECTION('',(-1.,5.78617863771625E-17,0.));
#3716=DIRECTION('center_axis',(0.,0.,-1.));
#3717=DIRECTION('ref_axis',(-1.,0.,0.));
#3718=DIRECTION('center_axis',(-5.78617863771625E-17,-1.,0.));
#3719=DIRECTION('ref_axis',(1.,-5.78617863771625E-17,0.));
#3720=DIRECTION('center_axis',(0.,0.,1.));
#3721=DIRECTION('ref_axis',(0.706983264250319,-0.707230276550689,0.));
#3722=DIRECTION('',(0.,0.,1.));
#3723=DIRECTION('center_axis',(0.,0.,1.));
#3724=DIRECTION('ref_axis',(-1.,0.,0.));
#3725=DIRECTION('',(0.,0.,-1.));
#3726=DIRECTION('center_axis',(-0.00270897812191551,-0.999996330712036,
0.));
#3727=DIRECTION('ref_axis',(0.999996330712036,-0.00270897812191551,0.));
#3728=DIRECTION('',(0.999996330712036,-0.00270897812191551,0.));
#3729=DIRECTION('center_axis',(0.999997216019471,0.00235965109848211,0.));
#3730=DIRECTION('ref_axis',(-0.00235965109848211,0.999997216019471,0.));
#3731=DIRECTION('',(-0.00235965109848211,0.999997216019471,0.));
#3732=DIRECTION('center_axis',(0.,0.,1.));
#3733=DIRECTION('ref_axis',(-1.,0.,0.));
#3734=DIRECTION('center_axis',(0.,0.,-1.));
#3735=DIRECTION('ref_axis',(-1.,0.,0.));
#3736=DIRECTION('center_axis',(0.,0.,1.));
#3737=DIRECTION('ref_axis',(-1.,0.,0.));
#3738=DIRECTION('center_axis',(0.,0.,1.));
#3739=DIRECTION('ref_axis',(-1.,0.,0.));
#3740=DIRECTION('',(0.,-1.,0.));
#3741=DIRECTION('center_axis',(0.,0.,1.));
#3742=DIRECTION('ref_axis',(-1.,0.,0.));
#3743=DIRECTION('',(0.,-1.,0.));
#3744=DIRECTION('center_axis',(0.,0.,-1.));
#3745=DIRECTION('ref_axis',(0.999999999999999,-3.91669977386235E-8,0.));
#3746=DIRECTION('',(0.,-1.,0.));
#3747=DIRECTION('center_axis',(0.,0.,-1.));
#3748=DIRECTION('ref_axis',(-1.,0.,0.));
#3749=DIRECTION('center_axis',(0.,0.,-1.));
#3750=DIRECTION('ref_axis',(-1.,0.,0.));
#3751=DIRECTION('center_axis',(-1.,0.,0.));
#3752=DIRECTION('ref_axis',(0.,-1.,0.));
#3753=DIRECTION('',(0.,0.,1.));
#3754=DIRECTION('',(0.,0.,1.));
#3755=DIRECTION('center_axis',(-1.,0.,0.));
#3756=DIRECTION('ref_axis',(0.,-1.,0.));
#3757=DIRECTION('',(0.,0.,-1.));
#3758=DIRECTION('center_axis',(0.,0.,1.));
#3759=DIRECTION('ref_axis',(-1.,0.,0.));
#3760=DIRECTION('',(0.,0.,-1.));
#3761=DIRECTION('center_axis',(-1.,0.,0.));
#3762=DIRECTION('ref_axis',(0.,-1.,0.));
#3763=DIRECTION('',(0.,0.,-1.));
#3764=DIRECTION('center_axis',(0.,0.,1.));
#3765=DIRECTION('ref_axis',(-1.,0.,0.));
#3766=DIRECTION('center_axis',(0.,0.,1.));
#3767=DIRECTION('ref_axis',(0.999999999999999,-3.91669977386235E-8,0.));
#3768=DIRECTION('center_axis',(0.,0.,1.));
#3769=DIRECTION('ref_axis',(-1.,0.,0.));
#3770=DIRECTION('center_axis',(0.,0.,1.));
#3771=DIRECTION('ref_axis',(-1.,0.,0.));
#3772=DIRECTION('center_axis',(0.,0.,1.));
#3773=DIRECTION('ref_axis',(-1.,0.,0.));
#3774=DIRECTION('center_axis',(0.,0.,1.));
#3775=DIRECTION('ref_axis',(-1.,0.,0.));
#3776=DIRECTION('center_axis',(0.,0.,1.));
#3777=DIRECTION('ref_axis',(-1.,0.,0.));
#3778=DIRECTION('',(0.,0.,1.));
#3779=DIRECTION('center_axis',(0.,0.,1.));
#3780=DIRECTION('ref_axis',(-1.,0.,0.));
#3781=DIRECTION('',(0.,0.,1.));
#3782=DIRECTION('center_axis',(0.,0.,1.));
#3783=DIRECTION('ref_axis',(-1.,0.,0.));
#3784=DIRECTION('center_axis',(0.,0.,1.));
#3785=DIRECTION('ref_axis',(-1.,0.,0.));
#3786=DIRECTION('center_axis',(0.,0.,1.));
#3787=DIRECTION('ref_axis',(-1.,0.,0.));
#3788=DIRECTION('center_axis',(0.,0.,1.));
#3789=DIRECTION('ref_axis',(-1.,0.,0.));
#3790=DIRECTION('center_axis',(0.,0.,1.));
#3791=DIRECTION('ref_axis',(-1.,0.,0.));
#3792=DIRECTION('',(0.,0.,1.));
#3793=DIRECTION('center_axis',(0.,0.,1.));
#3794=DIRECTION('ref_axis',(-1.,0.,0.));
#3795=DIRECTION('',(0.,0.,1.));
#3796=DIRECTION('center_axis',(0.,0.,1.));
#3797=DIRECTION('ref_axis',(-1.,0.,0.));
#3798=DIRECTION('center_axis',(0.,0.,1.));
#3799=DIRECTION('ref_axis',(-1.,0.,0.));
#3800=DIRECTION('center_axis',(0.,0.,1.));
#3801=DIRECTION('ref_axis',(-1.,0.,0.));
#3802=DIRECTION('center_axis',(0.,0.,1.));
#3803=DIRECTION('ref_axis',(-1.,0.,0.));
#3804=DIRECTION('center_axis',(0.,0.,1.));
#3805=DIRECTION('ref_axis',(-1.,0.,0.));
#3806=DIRECTION('',(0.,0.,1.));
#3807=DIRECTION('center_axis',(0.,0.,1.));
#3808=DIRECTION('ref_axis',(-1.,0.,0.));
#3809=DIRECTION('',(0.,0.,1.));
#3810=DIRECTION('center_axis',(0.,0.,1.));
#3811=DIRECTION('ref_axis',(-1.,0.,0.));
#3812=DIRECTION('center_axis',(0.,0.,1.));
#3813=DIRECTION('ref_axis',(-1.,0.,0.));
#3814=DIRECTION('center_axis',(0.,0.,1.));
#3815=DIRECTION('ref_axis',(-1.,0.,0.));
#3816=DIRECTION('center_axis',(0.,0.,1.));
#3817=DIRECTION('ref_axis',(-1.,0.,0.));
#3818=DIRECTION('center_axis',(0.,0.,1.));
#3819=DIRECTION('ref_axis',(-1.,0.,0.));
#3820=DIRECTION('',(0.,0.,1.));
#3821=DIRECTION('center_axis',(0.,0.,1.));
#3822=DIRECTION('ref_axis',(-1.,0.,0.));
#3823=DIRECTION('',(0.,0.,1.));
#3824=DIRECTION('center_axis',(5.78617863771616E-17,1.,0.));
#3825=DIRECTION('ref_axis',(-1.,5.78617863771616E-17,0.));
#3826=DIRECTION('',(0.,0.,1.));
#3827=DIRECTION('',(1.,-5.78617863771616E-17,0.));
#3828=DIRECTION('center_axis',(0.,0.,1.));
#3829=DIRECTION('ref_axis',(0.999999999999999,-3.91669977386235E-8,0.));
#3830=DIRECTION('',(0.,0.,1.));
#3831=DIRECTION('center_axis',(0.,0.,1.));
#3832=DIRECTION('ref_axis',(0.999999999999999,-3.91669977386235E-8,0.));
#3833=DIRECTION('center_axis',(1.,0.,0.));
#3834=DIRECTION('ref_axis',(0.,1.,0.));
#3835=DIRECTION('',(0.,0.,1.));
#3836=DIRECTION('',(0.,-1.,0.));
#3837=DIRECTION('center_axis',(0.,0.,1.));
#3838=DIRECTION('ref_axis',(-3.91656901124782E-8,-0.999999999999999,0.));
#3839=DIRECTION('center_axis',(0.,0.,1.));
#3840=DIRECTION('ref_axis',(-3.91656901124782E-8,-0.999999999999999,0.));
#3841=DIRECTION('center_axis',(0.,0.,1.));
#3842=DIRECTION('ref_axis',(1.,0.,0.));
#3843=DIRECTION('center_axis',(1.,-5.82412081220537E-16,0.));
#3844=DIRECTION('ref_axis',(5.82412081220537E-16,1.,0.));
#3845=DIRECTION('',(0.,0.,1.));
#3846=DIRECTION('',(5.82412081220537E-16,1.,0.));
#3847=DIRECTION('',(0.,0.,1.));
#3848=DIRECTION('',(5.82412081220537E-16,1.,0.));
#3849=DIRECTION('center_axis',(1.,-5.82412081220537E-16,0.));
#3850=DIRECTION('ref_axis',(5.82412081220537E-16,1.,0.));
#3851=DIRECTION('',(1.29562351941227E-31,2.22458214928695E-16,-1.));
#3852=DIRECTION('',(5.82412081220537E-16,1.,0.));
#3853=DIRECTION('',(0.,0.,1.));
#3854=DIRECTION('',(5.82412081220537E-16,1.,0.));
#3855=DIRECTION('center_axis',(0.,0.,1.));
#3856=DIRECTION('ref_axis',(1.,0.,0.));
#3857=DIRECTION('',(-2.69144972758045E-15,-1.,0.));
#3858=DIRECTION('center_axis',(0.,0.,-1.));
#3859=DIRECTION('ref_axis',(-3.91656901124782E-8,-0.999999999999999,0.));
#3860=DIRECTION('',(-1.,5.78617863771625E-17,0.));
#3861=DIRECTION('',(0.,1.,0.));
#3862=DIRECTION('center_axis',(0.,0.,1.));
#3863=DIRECTION('ref_axis',(1.,0.,0.));
#3864=DIRECTION('',(-0.999951796919442,0.00981854559383791,0.));
#3865=DIRECTION('',(5.82412082416938E-16,1.,0.));
#3866=DIRECTION('',(1.,-1.70803542250029E-15,0.));
#3867=DIRECTION('center_axis',(0.,0.,1.));
#3868=DIRECTION('ref_axis',(1.,0.,0.));
#3869=DIRECTION('',(-1.708035422499E-15,1.,0.));
#3870=DIRECTION('',(1.,-5.78617863771616E-17,0.));
#3871=DIRECTION('center_axis',(0.,0.,-1.));
#3872=DIRECTION('ref_axis',(0.999999999999999,-3.91669977386235E-8,0.));
#3873=DIRECTION('',(-2.40048214594805E-15,-1.,0.));
#3874=DIRECTION('center_axis',(0.,0.,1.));
#3875=DIRECTION('ref_axis',(1.,0.,0.));
#3876=DIRECTION('',(-2.6251578907393E-15,-1.,0.));
#3877=DIRECTION('center_axis',(0.,0.,1.));
#3878=DIRECTION('ref_axis',(1.,0.,0.));
#3879=DIRECTION('',(-1.97897175404503E-13,1.,0.));
#3880=DIRECTION('center_axis',(0.,0.,-1.));
#3881=DIRECTION('ref_axis',(-1.,5.16454349166026E-13,0.));
#3882=DIRECTION('',(-1.,1.44128473746105E-13,0.));
#3883=DIRECTION('center_axis',(0.,0.,-1.));
#3884=DIRECTION('ref_axis',(6.82185231996494E-14,-1.,0.));
#3885=DIRECTION('',(2.28221870110307E-13,-1.,0.));
#3886=DIRECTION('center_axis',(0.,0.,-1.));
#3887=DIRECTION('ref_axis',(1.,-4.66828717582698E-14,0.));
#3888=DIRECTION('',(1.,4.63240863942453E-13,0.));
#3889=DIRECTION('center_axis',(0.,0.,-1.));
#3890=DIRECTION('ref_axis',(9.49708852392003E-14,1.,0.));
#3891=DIRECTION('center_axis',(0.,1.,0.));
#3892=DIRECTION('ref_axis',(0.,0.,1.));
#3893=DIRECTION('',(-1.,0.,0.));
#3894=DIRECTION('',(-1.,0.,0.));
#3895=DIRECTION('',(0.,0.,-1.));
#3896=DIRECTION('',(1.,0.,0.));
#3897=DIRECTION('',(0.,0.,1.));
#3898=DIRECTION('center_axis',(0.,-1.,0.));
#3899=DIRECTION('ref_axis',(0.,0.,-1.));
#3900=DIRECTION('',(1.,0.,0.));
#3901=DIRECTION('',(0.,0.,-1.));
#3902=DIRECTION('',(1.,0.,0.));
#3903=DIRECTION('',(-1.29562352207376E-31,-2.22458214928695E-16,1.));
#3904=DIRECTION('',(1.,0.,0.));
#3905=DIRECTION('center_axis',(1.,0.,0.));
#3906=DIRECTION('ref_axis',(0.,-1.,0.));
#3907=DIRECTION('center_axis',(1.,-5.82412082416938E-16,0.));
#3908=DIRECTION('ref_axis',(0.,-1.,0.));
#3909=DIRECTION('',(1.,0.,0.));
#3910=DIRECTION('center_axis',(-1.,5.82412082416938E-16,0.));
#3911=DIRECTION('ref_axis',(0.,-1.,0.));
#3912=DIRECTION('center_axis',(0.,0.,1.));
#3913=DIRECTION('ref_axis',(0.,-1.,0.));
#3914=DIRECTION('',(-5.82412082416938E-16,-1.,0.));
#3915=DIRECTION('',(1.,0.,0.));
#3916=DIRECTION('',(5.82412082416938E-16,1.,0.));
#3917=DIRECTION('center_axis',(1.,0.,0.));
#3918=DIRECTION('ref_axis',(0.,0.,1.));
#3919=DIRECTION('center_axis',(1.,-5.82412082416938E-16,0.));
#3920=DIRECTION('ref_axis',(0.,0.,1.));
#3921=DIRECTION('center_axis',(-1.,5.82412082416938E-16,0.));
#3922=DIRECTION('ref_axis',(0.,0.,1.));
#3923=DIRECTION('center_axis',(0.,0.,1.));
#3924=DIRECTION('ref_axis',(7.98048884696472E-8,-0.999999999999997,0.));
#3925=DIRECTION('center_axis',(0.,0.,-1.));
#3926=DIRECTION('ref_axis',(7.98048884696472E-8,-0.999999999999997,0.));
#3927=DIRECTION('',(0.,0.,1.));
#3928=DIRECTION('center_axis',(0.,0.,-1.));
#3929=DIRECTION('ref_axis',(7.98048884696472E-8,-0.999999999999997,0.));
#3930=DIRECTION('center_axis',(1.15723572707082E-16,1.,0.));
#3931=DIRECTION('ref_axis',(-1.,1.15723572707082E-16,0.));
#3932=DIRECTION('',(-1.,1.15723572707082E-16,0.));
#3933=DIRECTION('',(0.,0.,1.));
#3934=DIRECTION('',(-1.,1.15723572707082E-16,0.));
#3935=DIRECTION('center_axis',(0.,0.,1.));
#3936=DIRECTION('ref_axis',(0.999999999999997,7.97884898019131E-8,0.));
#3937=DIRECTION('center_axis',(0.,0.,-1.));
#3938=DIRECTION('ref_axis',(0.999999999999997,7.97884898019131E-8,0.));
#3939=DIRECTION('',(0.,0.,1.));
#3940=DIRECTION('center_axis',(0.,0.,-1.));
#3941=DIRECTION('ref_axis',(0.999999999999997,7.97884898019131E-8,0.));
#3942=DIRECTION('center_axis',(-1.,0.,0.));
#3943=DIRECTION('ref_axis',(0.,-1.,0.));
#3944=DIRECTION('',(0.,-1.,0.));
#3945=DIRECTION('',(0.,0.,1.));
#3946=DIRECTION('',(0.,-1.,0.));
#3947=DIRECTION('center_axis',(0.,0.,1.));
#3948=DIRECTION('ref_axis',(-7.98034014435843E-8,0.999999999999997,0.));
#3949=DIRECTION('center_axis',(0.,0.,-1.));
#3950=DIRECTION('ref_axis',(-7.98034014435843E-8,0.999999999999997,0.));
#3951=DIRECTION('',(0.,0.,1.));
#3952=DIRECTION('center_axis',(0.,0.,-1.));
#3953=DIRECTION('ref_axis',(-7.98034014435843E-8,0.999999999999997,0.));
#3954=DIRECTION('center_axis',(-1.15723572707079E-16,-1.,0.));
#3955=DIRECTION('ref_axis',(1.,-1.15723572707079E-16,0.));
#3956=DIRECTION('',(1.,-1.15723572707079E-16,0.));
#3957=DIRECTION('',(0.,0.,1.));
#3958=DIRECTION('',(1.,-1.15723572707079E-16,0.));
#3959=DIRECTION('center_axis',(0.,0.,1.));
#3960=DIRECTION('ref_axis',(-0.999999999999997,-7.98058893525744E-8,0.));
#3961=DIRECTION('center_axis',(0.,0.,-1.));
#3962=DIRECTION('ref_axis',(-0.999999999999997,-7.98058893525744E-8,0.));
#3963=DIRECTION('center_axis',(0.,0.,-1.));
#3964=DIRECTION('ref_axis',(-0.999999999999997,-7.98058893525744E-8,0.));
#3965=DIRECTION('center_axis',(0.,0.,-1.));
#3966=DIRECTION('ref_axis',(1.,0.,0.));
#3967=DIRECTION('',(-5.82412082416938E-16,-1.,0.));
#3968=DIRECTION('center_axis',(0.,0.,1.));
#3969=DIRECTION('ref_axis',(3.91665880392329E-8,0.999999999999999,0.));
#3970=DIRECTION('',(-1.,5.78617863771616E-17,0.));
#3971=DIRECTION('center_axis',(0.,0.,1.));
#3972=DIRECTION('ref_axis',(0.999999999999999,-3.91669977386235E-8,0.));
#3973=DIRECTION('',(0.,1.,0.));
#3974=DIRECTION('center_axis',(0.,0.,1.));
#3975=DIRECTION('ref_axis',(-3.91656901124782E-8,-0.999999999999999,0.));
#3976=DIRECTION('',(1.,-5.78617863771625E-17,0.));
#3977=DIRECTION('center_axis',(0.,0.,1.));
#3978=DIRECTION('ref_axis',(-0.999999999999999,3.91585370264862E-8,0.));
#3979=DIRECTION('',(-5.82412082416938E-16,-1.,0.));
#3980=DIRECTION('center_axis',(1.,0.,0.));
#3981=DIRECTION('ref_axis',(0.,1.,0.));
#3982=DIRECTION('',(0.,0.,1.));
#3983=DIRECTION('',(0.,1.,0.));
#3984=DIRECTION('',(0.,0.,1.));
#3985=DIRECTION('center_axis',(0.,0.,1.));
#3986=DIRECTION('ref_axis',(0.999999999999999,-3.91669977386235E-8,0.));
#3987=DIRECTION('',(0.,0.,1.));
#3988=DIRECTION('center_axis',(0.,0.,1.));
#3989=DIRECTION('ref_axis',(0.999999999999999,-3.91669977386235E-8,0.));
#3990=DIRECTION('center_axis',(5.78617863771616E-17,1.,0.));
#3991=DIRECTION('ref_axis',(-1.,5.78617863771616E-17,0.));
#3992=DIRECTION('',(0.,0.,1.));
#3993=DIRECTION('',(-1.,5.78617863771616E-17,0.));
#3994=DIRECTION('center_axis',(0.,0.,1.));
#3995=DIRECTION('ref_axis',(3.91665880392329E-8,0.999999999999999,0.));
#3996=DIRECTION('',(0.,0.,1.));
#3997=DIRECTION('center_axis',(0.,0.,1.));
#3998=DIRECTION('ref_axis',(3.91665880392329E-8,0.999999999999999,0.));
#3999=DIRECTION('center_axis',(-1.,5.82412082416938E-16,0.));
#4000=DIRECTION('ref_axis',(-5.82412082416938E-16,-1.,0.));
#4001=DIRECTION('',(0.,0.,1.));
#4002=DIRECTION('',(-5.82412082416938E-16,-1.,0.));
#4003=DIRECTION('center_axis',(0.,0.,1.));
#4004=DIRECTION('ref_axis',(-0.999999999999999,3.91585370264862E-8,0.));
#4005=DIRECTION('',(0.,0.,1.));
#4006=DIRECTION('center_axis',(0.,0.,1.));
#4007=DIRECTION('ref_axis',(-0.999999999999999,3.91585370264862E-8,0.));
#4008=DIRECTION('center_axis',(-5.78617863771625E-17,-1.,0.));
#4009=DIRECTION('ref_axis',(1.,-5.78617863771625E-17,0.));
#4010=DIRECTION('',(0.,0.,1.));
#4011=DIRECTION('',(1.,-5.78617863771625E-17,0.));
#4012=DIRECTION('center_axis',(0.,0.,1.));
#4013=DIRECTION('ref_axis',(1.,0.,0.));
#4014=DIRECTION('center_axis',(0.,0.,-1.));
#4015=DIRECTION('ref_axis',(1.,0.,0.));
#4016=DIRECTION('center_axis',(-1.,5.82412082416938E-16,0.));
#4017=DIRECTION('ref_axis',(-5.82412082416938E-16,-1.,0.));
#4018=DIRECTION('',(-5.82412082416938E-16,-1.,0.));
#4019=DIRECTION('',(0.,0.,1.));
#4020=DIRECTION('',(0.,0.,-1.));
#4021=DIRECTION('',(-5.82412082416938E-16,-1.,0.));
#4022=DIRECTION('center_axis',(1.,0.,0.));
#4023=DIRECTION('ref_axis',(0.,-1.,0.));
#4024=DIRECTION('',(0.,0.,1.));
#4025=DIRECTION('',(0.,-1.,0.));
#4026=DIRECTION('',(0.,0.,-1.));
#4027=DIRECTION('center_axis',(0.00981854559383791,0.999951796919442,0.));
#4028=DIRECTION('ref_axis',(0.999951796919442,-0.00981854559383791,0.));
#4029=DIRECTION('',(0.,0.,-1.));
#4030=DIRECTION('',(0.999951796919442,-0.00981854559383791,0.));
#4031=DIRECTION('center_axis',(0.,0.,-1.));
#4032=DIRECTION('ref_axis',(1.,0.,0.));
#4033=DIRECTION('center_axis',(0.,0.,-1.));
#4034=DIRECTION('ref_axis',(1.,0.,0.));
#4035=DIRECTION('center_axis',(0.,0.,-1.));
#4036=DIRECTION('ref_axis',(1.,0.,0.));
#4037=DIRECTION('center_axis',(0.,0.,-1.));
#4038=DIRECTION('ref_axis',(1.,0.,0.));
#4039=DIRECTION('',(0.,0.,1.));
#4040=DIRECTION('center_axis',(0.,0.,1.));
#4041=DIRECTION('ref_axis',(1.,0.,0.));
#4042=DIRECTION('center_axis',(0.,0.,-1.));
#4043=DIRECTION('ref_axis',(1.,0.,0.));
#4044=DIRECTION('center_axis',(5.78617863771616E-17,1.,0.));
#4045=DIRECTION('ref_axis',(-1.,5.78617863771616E-17,0.));
#4046=DIRECTION('',(-1.,5.78617863771616E-17,0.));
#4047=DIRECTION('',(0.,0.,1.));
#4048=DIRECTION('',(0.,0.,-1.));
#4049=DIRECTION('center_axis',(-1.70803542250029E-15,-1.,0.));
#4050=DIRECTION('ref_axis',(-1.,1.70803542250029E-15,0.));
#4051=DIRECTION('',(-1.,1.70803542250029E-15,0.));
#4052=DIRECTION('',(0.,0.,-1.));
#4053=DIRECTION('center_axis',(1.,1.708035422499E-15,0.));
#4054=DIRECTION('ref_axis',(1.708035422499E-15,-1.,0.));
#4055=DIRECTION('',(0.,0.,-1.));
#4056=DIRECTION('',(1.708035422499E-15,-1.,0.));
#4057=DIRECTION('center_axis',(0.,0.,-1.));
#4058=DIRECTION('ref_axis',(1.,0.,0.));
#4059=DIRECTION('center_axis',(0.,0.,-1.));
#4060=DIRECTION('ref_axis',(1.,0.,0.));
#4061=DIRECTION('center_axis',(0.,0.,-1.));
#4062=DIRECTION('ref_axis',(1.,0.,0.));
#4063=DIRECTION('center_axis',(0.,0.,-1.));
#4064=DIRECTION('ref_axis',(1.,0.,0.));
#4065=DIRECTION('',(0.,0.,1.));
#4066=DIRECTION('center_axis',(0.,0.,1.));
#4067=DIRECTION('ref_axis',(1.,0.,0.));
#4068=DIRECTION('center_axis',(0.,0.,-1.));
#4069=DIRECTION('ref_axis',(1.,0.,0.));
#4070=DIRECTION('center_axis',(0.,0.,1.));
#4071=DIRECTION('ref_axis',(1.,0.,0.));
#4072=DIRECTION('center_axis',(0.,0.,-1.));
#4073=DIRECTION('ref_axis',(1.,0.,0.));
#4074=DIRECTION('center_axis',(0.,0.,-1.));
#4075=DIRECTION('ref_axis',(1.,0.,0.));
#4076=DIRECTION('',(1.,-5.78617863771625E-17,0.));
#4077=DIRECTION('center_axis',(0.,0.,1.));
#4078=DIRECTION('ref_axis',(-3.91656901124782E-8,-0.999999999999999,0.));
#4079=DIRECTION('',(2.69144972758045E-15,1.,0.));
#4080=DIRECTION('center_axis',(0.,0.,-1.));
#4081=DIRECTION('ref_axis',(1.,0.,0.));
#4082=DIRECTION('',(2.6251578907393E-15,1.,0.));
#4083=DIRECTION('center_axis',(0.,0.,-1.));
#4084=DIRECTION('ref_axis',(1.,0.,0.));
#4085=DIRECTION('',(2.40048214594805E-15,1.,0.));
#4086=DIRECTION('center_axis',(0.,0.,1.));
#4087=DIRECTION('ref_axis',(0.999999999999999,-3.91669977386235E-8,0.));
#4088=DIRECTION('center_axis',(0.,0.,1.));
#4089=DIRECTION('ref_axis',(1.,0.,0.));
#4090=DIRECTION('center_axis',(0.,0.,1.));
#4091=DIRECTION('ref_axis',(1.,0.,0.));
#4092=DIRECTION('center_axis',(0.,0.,1.));
#4093=DIRECTION('ref_axis',(1.,0.,0.));
#4094=DIRECTION('center_axis',(0.,0.,1.));
#4095=DIRECTION('ref_axis',(1.,0.,0.));
#4096=DIRECTION('center_axis',(-1.,2.40048214594805E-15,0.));
#4097=DIRECTION('ref_axis',(2.40048214594805E-15,1.,0.));
#4098=DIRECTION('',(0.,0.,1.));
#4099=DIRECTION('',(0.,0.,-1.));
#4100=DIRECTION('center_axis',(-1.,2.69144972758045E-15,0.));
#4101=DIRECTION('ref_axis',(2.69144972758045E-15,1.,0.));
#4102=DIRECTION('',(0.,0.,-1.));
#4103=DIRECTION('',(0.,0.,-1.));
#4104=DIRECTION('center_axis',(0.,0.,-1.));
#4105=DIRECTION('ref_axis',(-1.,2.54207057918564E-15,0.));
#4106=DIRECTION('',(0.,0.,-1.));
#4107=DIRECTION('center_axis',(-1.,2.6251578907393E-15,0.));
#4108=DIRECTION('ref_axis',(2.6251578907393E-15,1.,0.));
#4109=DIRECTION('',(0.,0.,-1.));
#4110=DIRECTION('center_axis',(0.,0.,-1.));
#4111=DIRECTION('ref_axis',(-1.,-2.78699993901511E-15,0.));
#4112=DIRECTION('center_axis',(0.,0.,-1.));
#4113=DIRECTION('ref_axis',(1.,0.,0.));
#4114=DIRECTION('center_axis',(0.,0.,-1.));
#4115=DIRECTION('ref_axis',(1.,0.,0.));
#4116=DIRECTION('',(0.,0.,1.));
#4117=DIRECTION('center_axis',(0.,0.,-1.));
#4118=DIRECTION('ref_axis',(1.,0.,0.));
#4119=DIRECTION('center_axis',(0.,0.,-1.));
#4120=DIRECTION('ref_axis',(1.,0.,0.));
#4121=DIRECTION('',(0.,0.,1.));
#4122=DIRECTION('center_axis',(0.,0.,-1.));
#4123=DIRECTION('ref_axis',(1.,0.,0.));
#4124=DIRECTION('',(0.,0.,1.));
#4125=DIRECTION('center_axis',(0.,0.,1.));
#4126=DIRECTION('ref_axis',(1.,0.,0.));
#4127=DIRECTION('center_axis',(0.,0.,-1.));
#4128=DIRECTION('ref_axis',(1.,0.,0.));
#4129=DIRECTION('',(0.,0.,1.));
#4130=DIRECTION('center_axis',(0.,0.,1.));
#4131=DIRECTION('ref_axis',(1.,0.,0.));
#4132=DIRECTION('center_axis',(0.,0.,-1.));
#4133=DIRECTION('ref_axis',(1.,0.,0.));
#4134=DIRECTION('',(0.,0.,1.));
#4135=DIRECTION('center_axis',(0.,0.,1.));
#4136=DIRECTION('ref_axis',(1.,0.,0.));
#4137=DIRECTION('center_axis',(0.,0.,-1.));
#4138=DIRECTION('ref_axis',(1.,0.,0.));
#4139=DIRECTION('',(0.,0.,1.));
#4140=DIRECTION('center_axis',(0.,0.,1.));
#4141=DIRECTION('ref_axis',(1.,0.,0.));
#4142=DIRECTION('center_axis',(0.,0.,1.));
#4143=DIRECTION('ref_axis',(1.,0.,0.));
#4144=DIRECTION('',(0.997939238824635,0.0641660004527969,0.));
#4145=DIRECTION('',(0.443400232960953,0.896323732481838,0.));
#4146=DIRECTION('',(-0.554539005863683,0.832157732029042,0.));
#4147=DIRECTION('',(-0.997939238824635,-0.064166000452796,0.));
#4148=DIRECTION('',(-0.443400232960952,-0.896323732481838,0.));
#4149=DIRECTION('',(0.554539005863683,-0.832157732029042,0.));
#4150=DIRECTION('center_axis',(0.,0.,1.));
#4151=DIRECTION('ref_axis',(1.,0.,0.));
#4152=DIRECTION('',(0.997939238824635,0.0641660004527969,0.));
#4153=DIRECTION('',(0.554539005863683,-0.832157732029042,0.));
#4154=DIRECTION('',(-0.443400232960952,-0.896323732481838,0.));
#4155=DIRECTION('',(-0.997939238824635,-0.064166000452796,0.));
#4156=DIRECTION('',(-0.554539005863683,0.832157732029042,0.));
#4157=DIRECTION('',(0.443400232960953,0.896323732481838,0.));
#4158=DIRECTION('center_axis',(0.0641660004527969,-0.997939238824635,0.));
#4159=DIRECTION('ref_axis',(0.997939238824635,0.0641660004527969,0.));
#4160=DIRECTION('',(0.,0.,1.));
#4161=DIRECTION('',(0.,0.,1.));
#4162=DIRECTION('center_axis',(0.896323732481838,-0.443400232960953,0.));
#4163=DIRECTION('ref_axis',(0.443400232960953,0.896323732481838,0.));
#4164=DIRECTION('',(0.,0.,1.));
#4165=DIRECTION('center_axis',(0.832157732029042,0.554539005863683,0.));
#4166=DIRECTION('ref_axis',(-0.554539005863683,0.832157732029042,0.));
#4167=DIRECTION('',(0.,0.,1.));
#4168=DIRECTION('center_axis',(-0.064166000452796,0.997939238824635,0.));
#4169=DIRECTION('ref_axis',(-0.997939238824635,-0.064166000452796,0.));
#4170=DIRECTION('',(0.,0.,1.));
#4171=DIRECTION('center_axis',(-0.896323732481838,0.443400232960953,0.));
#4172=DIRECTION('ref_axis',(-0.443400232960952,-0.896323732481838,0.));
#4173=DIRECTION('',(0.,0.,1.));
#4174=DIRECTION('center_axis',(-0.832157732029042,-0.554539005863683,0.));
#4175=DIRECTION('ref_axis',(0.554539005863683,-0.832157732029042,0.));
#4176=DIRECTION('center_axis',(0.,0.,1.));
#4177=DIRECTION('ref_axis',(1.,0.,0.));
#4178=DIRECTION('',(-0.638751455903881,-0.769413138424781,0.));
#4179=DIRECTION('',(0.346955595929433,-0.937881556729448,0.));
#4180=DIRECTION('',(0.985707051833314,-0.168468418304666,0.));
#4181=DIRECTION('',(0.638751455903881,0.769413138424782,0.));
#4182=DIRECTION('',(-0.346955595929434,0.937881556729447,0.));
#4183=DIRECTION('',(-0.985707051833314,0.168468418304666,0.));
#4184=DIRECTION('center_axis',(0.,0.,1.));
#4185=DIRECTION('ref_axis',(1.,0.,0.));
#4186=DIRECTION('',(-0.638751455903881,-0.769413138424781,0.));
#4187=DIRECTION('',(-0.985707051833314,0.168468418304666,0.));
#4188=DIRECTION('',(-0.346955595929434,0.937881556729447,0.));
#4189=DIRECTION('',(0.638751455903881,0.769413138424782,0.));
#4190=DIRECTION('',(0.985707051833314,-0.168468418304666,0.));
#4191=DIRECTION('',(0.346955595929433,-0.937881556729448,0.));
#4192=DIRECTION('center_axis',(-0.769413138424781,0.638751455903881,0.));
#4193=DIRECTION('ref_axis',(-0.638751455903881,-0.769413138424781,0.));
#4194=DIRECTION('',(0.,0.,1.));
#4195=DIRECTION('',(0.,0.,1.));
#4196=DIRECTION('center_axis',(-0.937881556729448,-0.346955595929433,0.));
#4197=DIRECTION('ref_axis',(0.346955595929433,-0.937881556729448,0.));
#4198=DIRECTION('',(0.,0.,1.));
#4199=DIRECTION('center_axis',(-0.168468418304666,-0.985707051833314,0.));
#4200=DIRECTION('ref_axis',(0.985707051833314,-0.168468418304666,0.));
#4201=DIRECTION('',(0.,0.,1.));
#4202=DIRECTION('center_axis',(0.769413138424782,-0.638751455903881,0.));
#4203=DIRECTION('ref_axis',(0.638751455903881,0.769413138424782,0.));
#4204=DIRECTION('',(0.,0.,1.));
#4205=DIRECTION('center_axis',(0.937881556729447,0.346955595929434,0.));
#4206=DIRECTION('ref_axis',(-0.346955595929434,0.937881556729447,0.));
#4207=DIRECTION('',(0.,0.,1.));
#4208=DIRECTION('center_axis',(0.168468418304666,0.985707051833314,0.));
#4209=DIRECTION('ref_axis',(-0.985707051833314,0.168468418304666,0.));
#4210=DIRECTION('center_axis',(0.,0.,1.));
#4211=DIRECTION('ref_axis',(1.,0.,0.));
#4212=DIRECTION('',(0.978483358805433,0.206325753460005,0.));
#4213=DIRECTION('',(0.310558335451388,0.950554322635831,0.));
#4214=DIRECTION('',(-0.667925023354045,0.744228569175826,0.));
#4215=DIRECTION('',(-0.978483358805433,-0.206325753460004,0.));
#4216=DIRECTION('',(-0.310558335451388,-0.950554322635831,0.));
#4217=DIRECTION('',(0.667925023354045,-0.744228569175827,0.));
#4218=DIRECTION('center_axis',(0.,0.,1.));
#4219=DIRECTION('ref_axis',(1.,0.,0.));
#4220=DIRECTION('',(0.978483358805433,0.206325753460005,0.));
#4221=DIRECTION('',(0.667925023354045,-0.744228569175827,0.));
#4222=DIRECTION('',(-0.310558335451388,-0.950554322635831,0.));
#4223=DIRECTION('',(-0.978483358805433,-0.206325753460004,0.));
#4224=DIRECTION('',(-0.667925023354045,0.744228569175826,0.));
#4225=DIRECTION('',(0.310558335451388,0.950554322635831,0.));
#4226=DIRECTION('center_axis',(0.206325753460005,-0.978483358805433,0.));
#4227=DIRECTION('ref_axis',(0.978483358805433,0.206325753460005,0.));
#4228=DIRECTION('',(0.,0.,1.));
#4229=DIRECTION('',(0.,0.,1.));
#4230=DIRECTION('center_axis',(0.950554322635831,-0.310558335451388,0.));
#4231=DIRECTION('ref_axis',(0.310558335451388,0.950554322635831,0.));
#4232=DIRECTION('',(0.,0.,1.));
#4233=DIRECTION('center_axis',(0.744228569175827,0.667925023354045,0.));
#4234=DIRECTION('ref_axis',(-0.667925023354045,0.744228569175827,0.));
#4235=DIRECTION('',(0.,0.,1.));
#4236=DIRECTION('center_axis',(-0.206325753460004,0.978483358805433,0.));
#4237=DIRECTION('ref_axis',(-0.978483358805433,-0.206325753460004,0.));
#4238=DIRECTION('',(0.,0.,1.));
#4239=DIRECTION('center_axis',(-0.950554322635831,0.310558335451388,0.));
#4240=DIRECTION('ref_axis',(-0.310558335451388,-0.950554322635831,0.));
#4241=DIRECTION('',(0.,0.,1.));
#4242=DIRECTION('center_axis',(-0.744228569175827,-0.667925023354045,0.));
#4243=DIRECTION('ref_axis',(0.667925023354045,-0.744228569175827,0.));
#4244=DIRECTION('center_axis',(0.,0.,1.));
#4245=DIRECTION('ref_axis',(1.,0.,0.));
#4246=DIRECTION('',(-0.999729711823064,-0.0232487268075947,0.));
#4247=DIRECTION('',(-0.47973086789051,-0.877415690760667,0.));
#4248=DIRECTION('',(0.519998843932553,-0.854166963953072,0.));
#4249=DIRECTION('',(0.999729711823064,0.0232487268075947,0.));
#4250=DIRECTION('',(0.47973086789051,0.877415690760667,0.));
#4251=DIRECTION('',(-0.519998843932553,0.854166963953072,0.));
#4252=DIRECTION('center_axis',(0.,0.,1.));
#4253=DIRECTION('ref_axis',(1.,0.,0.));
#4254=DIRECTION('',(-0.999729711823064,-0.0232487268075947,0.));
#4255=DIRECTION('',(-0.519998843932553,0.854166963953072,0.));
#4256=DIRECTION('',(0.47973086789051,0.877415690760667,0.));
#4257=DIRECTION('',(0.999729711823064,0.0232487268075947,0.));
#4258=DIRECTION('',(0.519998843932553,-0.854166963953072,0.));
#4259=DIRECTION('',(-0.47973086789051,-0.877415690760667,0.));
#4260=DIRECTION('center_axis',(-0.0232487268075947,0.999729711823064,0.));
#4261=DIRECTION('ref_axis',(-0.999729711823064,-0.0232487268075947,0.));
#4262=DIRECTION('',(0.,0.,1.));
#4263=DIRECTION('',(0.,0.,1.));
#4264=DIRECTION('center_axis',(-0.877415690760667,0.47973086789051,0.));
#4265=DIRECTION('ref_axis',(-0.47973086789051,-0.877415690760667,0.));
#4266=DIRECTION('',(0.,0.,1.));
#4267=DIRECTION('center_axis',(-0.854166963953072,-0.519998843932553,0.));
#4268=DIRECTION('ref_axis',(0.519998843932553,-0.854166963953072,0.));
#4269=DIRECTION('',(0.,0.,1.));
#4270=DIRECTION('center_axis',(0.0232487268075947,-0.999729711823064,0.));
#4271=DIRECTION('ref_axis',(0.999729711823064,0.0232487268075947,0.));
#4272=DIRECTION('',(0.,0.,1.));
#4273=DIRECTION('center_axis',(0.877415690760667,-0.47973086789051,0.));
#4274=DIRECTION('ref_axis',(0.47973086789051,0.877415690760667,0.));
#4275=DIRECTION('',(0.,0.,1.));
#4276=DIRECTION('center_axis',(0.854166963953072,0.519998843932553,0.));
#4277=DIRECTION('ref_axis',(-0.519998843932553,0.854166963953072,0.));
#4278=DIRECTION('center_axis',(0.,0.,1.));
#4279=DIRECTION('ref_axis',(-3.91656901124782E-8,-0.999999999999999,0.));
#4280=DIRECTION('center_axis',(0.,0.,1.));
#4281=DIRECTION('ref_axis',(-3.91656901124782E-8,-0.999999999999999,0.));
#4282=DIRECTION('center_axis',(-5.78617863771625E-17,-1.,0.));
#4283=DIRECTION('ref_axis',(1.,-5.78617863771625E-17,0.));
#4284=DIRECTION('',(0.,0.,1.));
#4285=DIRECTION('center_axis',(0.,0.,1.));
#4286=DIRECTION('ref_axis',(-3.91656901124782E-8,-0.999999999999999,0.));
#4287=DIRECTION('center_axis',(0.,0.,1.));
#4288=DIRECTION('ref_axis',(0.999999999999999,-3.91669977386235E-8,0.));
#4289=DIRECTION('center_axis',(0.,0.,-1.));
#4290=DIRECTION('ref_axis',(-1.,1.24292110994951E-12,0.));
#4291=DIRECTION('',(0.,0.,-1.));
#4292=DIRECTION('center_axis',(0.,0.,-1.));
#4293=DIRECTION('ref_axis',(-1.,1.24292110994951E-12,0.));
#4294=DIRECTION('',(0.,0.,-1.));
#4295=DIRECTION('center_axis',(0.,0.,1.));
#4296=DIRECTION('ref_axis',(-1.,-2.2999239197446E-12,0.));
#4297=DIRECTION('',(0.,0.,-1.));
#4298=DIRECTION('',(0.,0.,-1.));
#4299=DIRECTION('center_axis',(0.,0.,-1.));
#4300=DIRECTION('ref_axis',(-1.,1.24292110994951E-12,0.));
#4301=DIRECTION('center_axis',(-3.3318967440114E-13,-1.,0.));
#4302=DIRECTION('ref_axis',(-1.,3.3318967440114E-13,0.));
#4303=DIRECTION('',(0.,0.,-1.));
#4304=DIRECTION('',(-1.,3.3318967440114E-13,0.));
#4305=DIRECTION('',(-1.,3.3318967440114E-13,0.));
#4306=DIRECTION('center_axis',(0.,0.,-1.));
#4307=DIRECTION('ref_axis',(8.98751972311965E-14,-1.,0.));
#4308=DIRECTION('',(0.,0.,-1.));
#4309=DIRECTION('center_axis',(0.,0.,-1.));
#4310=DIRECTION('ref_axis',(8.98751972311965E-14,-1.,0.));
#4311=DIRECTION('center_axis',(0.,0.,-1.));
#4312=DIRECTION('ref_axis',(8.98751972311965E-14,-1.,0.));
#4313=DIRECTION('center_axis',(1.,2.28221870110301E-13,0.));
#4314=DIRECTION('ref_axis',(2.28221870110301E-13,-1.,0.));
#4315=DIRECTION('',(0.,0.,-1.));
#4316=DIRECTION('',(2.28221870110301E-13,-1.,0.));
#4317=DIRECTION('',(2.28221870110301E-13,-1.,0.));
#4318=DIRECTION('center_axis',(1.,2.28221870110307E-13,0.));
#4319=DIRECTION('ref_axis',(2.28221870110307E-13,-1.,0.));
#4320=DIRECTION('',(0.,0.,-1.));
#4321=DIRECTION('',(2.28221870110307E-13,-1.,0.));
#4322=DIRECTION('',(0.,0.,-1.));
#4323=DIRECTION('center_axis',(0.,0.,-1.));
#4324=DIRECTION('ref_axis',(6.82185231996494E-14,-1.,0.));
#4325=DIRECTION('',(0.,0.,-1.));
#4326=DIRECTION('center_axis',(0.,0.,-1.));
#4327=DIRECTION('ref_axis',(6.82185231996494E-14,-1.,0.));
#4328=DIRECTION('center_axis',(-1.44128473746105E-13,-1.,0.));
#4329=DIRECTION('ref_axis',(-1.,1.44128473746105E-13,0.));
#4330=DIRECTION('',(0.,0.,-1.));
#4331=DIRECTION('',(-1.,1.44128473746105E-13,0.));
#4332=DIRECTION('center_axis',(0.,0.,-1.));
#4333=DIRECTION('ref_axis',(-1.,5.16454349166026E-13,0.));
#4334=DIRECTION('',(0.,0.,-1.));
#4335=DIRECTION('',(0.,0.,-1.));
#4336=DIRECTION('center_axis',(0.,0.,-1.));
#4337=DIRECTION('ref_axis',(-1.,5.16454349166026E-13,0.));
#4338=DIRECTION('center_axis',(-0.00761813188189419,-0.999970981612282,
0.));
#4339=DIRECTION('ref_axis',(-0.999970981612282,0.00761813188189419,0.));
#4340=DIRECTION('',(-0.999970981612282,0.00761813188189419,0.));
#4341=DIRECTION('',(0.,0.,-1.));
#4342=DIRECTION('',(0.999970981612282,-0.00761813188189419,0.));
#4343=DIRECTION('center_axis',(1.,6.67349271758345E-13,0.));
#4344=DIRECTION('ref_axis',(6.67349271758345E-13,-1.,0.));
#4345=DIRECTION('',(6.67349271758345E-13,-1.,0.));
#4346=DIRECTION('',(0.,0.,-1.));
#4347=DIRECTION('',(-6.67349271758345E-13,1.,0.));
#4348=DIRECTION('center_axis',(-6.15063555642337E-14,-1.,0.));
#4349=DIRECTION('ref_axis',(0.,0.,1.));
#4350=DIRECTION('',(-1.,6.15063555642337E-14,0.));
#4351=DIRECTION('',(1.,-6.16173778666961E-14,0.));
#4352=DIRECTION('center_axis',(6.15063555642337E-14,1.,0.));
#4353=DIRECTION('ref_axis',(0.,0.,-1.));
#4354=DIRECTION('',(0.,0.,-1.));
#4355=DIRECTION('',(-1.,-6.66470139937788E-13,0.));
#4356=DIRECTION('',(1.,6.66470139937788E-13,0.));
#4357=DIRECTION('',(0.,0.,-1.));
#4358=DIRECTION('',(-1.,6.15063555642337E-14,0.));
#4359=DIRECTION('center_axis',(0.,0.,1.));
#4360=DIRECTION('ref_axis',(6.15480240257456E-14,1.,0.));
#4361=DIRECTION('',(1.97897175404503E-13,-1.,0.));
#4362=DIRECTION('',(6.15480240257456E-14,1.,0.));
#4363=DIRECTION('center_axis',(-1.,6.15480240257456E-14,0.));
#4364=DIRECTION('ref_axis',(6.15480240257456E-14,1.,0.));
#4365=DIRECTION('',(0.,0.,-1.));
#4366=DIRECTION('',(6.15480240257456E-14,1.,0.));
#4367=DIRECTION('center_axis',(0.,0.,-1.));
#4368=DIRECTION('ref_axis',(1.,0.,0.));
#4369=DIRECTION('center_axis',(0.,0.,-1.));
#4370=DIRECTION('ref_axis',(1.,0.,0.));
#4371=DIRECTION('',(0.,0.,-1.));
#4372=DIRECTION('center_axis',(0.,0.,1.));
#4373=DIRECTION('ref_axis',(1.,0.,0.));
#4374=DIRECTION('center_axis',(0.,0.,-1.));
#4375=DIRECTION('ref_axis',(1.,0.,0.));
#4376=DIRECTION('center_axis',(0.,0.,-1.));
#4377=DIRECTION('ref_axis',(1.,0.,0.));
#4378=DIRECTION('',(0.,0.,-1.));
#4379=DIRECTION('center_axis',(0.,0.,1.));
#4380=DIRECTION('ref_axis',(1.,0.,0.));
#4381=DIRECTION('center_axis',(0.,0.,-1.));
#4382=DIRECTION('ref_axis',(1.,0.,0.));
#4383=DIRECTION('center_axis',(0.,0.,-1.));
#4384=DIRECTION('ref_axis',(1.,0.,0.));
#4385=DIRECTION('',(0.,0.,-1.));
#4386=DIRECTION('center_axis',(0.,0.,1.));
#4387=DIRECTION('ref_axis',(1.,0.,0.));
#4388=DIRECTION('center_axis',(0.,0.,-1.));
#4389=DIRECTION('ref_axis',(1.,0.,0.));
#4390=DIRECTION('center_axis',(0.,0.,-1.));
#4391=DIRECTION('ref_axis',(1.,0.,0.));
#4392=DIRECTION('',(0.,0.,-1.));
#4393=DIRECTION('center_axis',(0.,0.,1.));
#4394=DIRECTION('ref_axis',(1.,0.,0.));
#4395=DIRECTION('center_axis',(0.,0.,-1.));
#4396=DIRECTION('ref_axis',(1.,-6.15028310465821E-14,0.));
#4397=DIRECTION('',(0.,0.,-1.));
#4398=DIRECTION('center_axis',(0.,0.,-1.));
#4399=DIRECTION('ref_axis',(1.,-6.15028310465821E-14,0.));
#4400=DIRECTION('center_axis',(0.,0.,-1.));
#4401=DIRECTION('ref_axis',(1.,-6.15028310465821E-14,0.));
#4402=DIRECTION('center_axis',(-4.63240863942437E-13,1.,0.));
#4403=DIRECTION('ref_axis',(1.,4.63240863942437E-13,0.));
#4404=DIRECTION('',(0.,0.,-1.));
#4405=DIRECTION('',(1.,4.63240863942437E-13,0.));
#4406=DIRECTION('',(1.,4.63240863942437E-13,0.));
#4407=DIRECTION('center_axis',(0.,0.,-1.));
#4408=DIRECTION('ref_axis',(1.251203726168E-13,1.,0.));
#4409=DIRECTION('center_axis',(0.,0.,-1.));
#4410=DIRECTION('ref_axis',(1.251203726168E-13,1.,0.));
#4411=DIRECTION('center_axis',(0.,0.,-1.));
#4412=DIRECTION('ref_axis',(1.251203726168E-13,1.,0.));
#4413=DIRECTION('center_axis',(0.,0.,1.));
#4414=DIRECTION('ref_axis',(-1.,0.,0.));
#4415=DIRECTION('center_axis',(-1.,-1.97897175404503E-13,0.));
#4416=DIRECTION('ref_axis',(-1.97897175404503E-13,1.,0.));
#4417=DIRECTION('',(0.,0.,-1.));
#4418=DIRECTION('center_axis',(0.,0.,-1.));
#4419=DIRECTION('ref_axis',(1.,-4.66828717582698E-14,0.));
#4420=DIRECTION('center_axis',(0.,0.,-1.));
#4421=DIRECTION('ref_axis',(1.,-4.66828717582698E-14,0.));
#4422=DIRECTION('',(0.,0.,-1.));
#4423=DIRECTION('center_axis',(-4.63240863942453E-13,1.,0.));
#4424=DIRECTION('ref_axis',(1.,4.63240863942453E-13,0.));
#4425=DIRECTION('',(1.,4.63240863942453E-13,0.));
#4426=DIRECTION('',(0.,0.,-1.));
#4427=DIRECTION('center_axis',(0.,0.,-1.));
#4428=DIRECTION('ref_axis',(9.49708852392003E-14,1.,0.));
#4429=DIRECTION('center_axis',(0.,0.,-1.));
#4430=DIRECTION('ref_axis',(9.49708852392003E-14,1.,0.));
#4431=DIRECTION('center_axis',(0.,0.,1.));
#4432=DIRECTION('ref_axis',(-1.,0.,0.));
#4433=DIRECTION('center_axis',(0.,0.,1.));
#4434=DIRECTION('ref_axis',(-1.,0.,0.));
#4435=DIRECTION('',(0.,0.,1.));
#4436=DIRECTION('',(1.,0.,0.));
#4437=CARTESIAN_POINT('',(0.,0.,0.));
#4438=CARTESIAN_POINT('',(0.,0.,0.));
#4439=CARTESIAN_POINT('Origin',(3.19744231092045E-13,-3.10862446895044E-13,
2.));
#4440=CARTESIAN_POINT('',(-72.6304914964955,-20.4499999999693,2.));
#4441=CARTESIAN_POINT('',(-72.6500287679331,-15.2346410856892,2.));
#4442=CARTESIAN_POINT('',(-72.6682852465561,-10.3611822286549,2.));
#4443=CARTESIAN_POINT('',(76.7500000000047,-20.4499999999693,2.));
#4444=CARTESIAN_POINT('',(-38.3749998972251,-20.4499999999693,2.));
#4445=CARTESIAN_POINT('',(78.7499999999973,-20.0500001070247,2.));
#4446=CARTESIAN_POINT('Origin',(76.7500003211633,-15.2500003211353,2.));
#4447=CARTESIAN_POINT('',(78.7499999999973,-16.850000000035,2.));
#4448=CARTESIAN_POINT('',(78.7499999999973,-8.42500000001766,2.));
#4449=CARTESIAN_POINT('',(78.7499982398003,-9.65000000003544,2.));
#4450=CARTESIAN_POINT('Origin',(78.750000000003,-13.250000000035,2.));
#4451=CARTESIAN_POINT('',(78.7499982398003,9.64999999996535,2.));
#4452=CARTESIAN_POINT('',(78.7499982398003,4.82499999998252,2.));
#4453=CARTESIAN_POINT('',(78.7499999999973,16.8499999999649,2.));
#4454=CARTESIAN_POINT('Origin',(78.750000000003,13.2499999999649,2.));
#4455=CARTESIAN_POINT('',(78.7499999999973,20.050000107024,2.));
#4456=CARTESIAN_POINT('',(78.7499999999973,10.0250000535119,2.));
#4457=CARTESIAN_POINT('',(76.7499997944609,20.4499999999687,2.));
#4458=CARTESIAN_POINT('Origin',(76.7500003211633,15.2500003211347,2.));
#4459=CARTESIAN_POINT('',(-72.662258805517,20.4499999999687,2.));
#4460=CARTESIAN_POINT('',(38.3749998972306,20.4499999999687,2.));
#4461=CARTESIAN_POINT('',(-72.650011414317,15.2596745694687,2.));
#4462=CARTESIAN_POINT('',(-72.6318054545733,7.54416566631971,2.));
#4463=CARTESIAN_POINT('',(-76.7611068102967,11.1500150440456,2.));
#4464=CARTESIAN_POINT('Origin',(-76.7499999999968,15.2499999999649,2.));
#4465=CARTESIAN_POINT('',(-81.9499999999967,11.1640716937513,2.));
#4466=CARTESIAN_POINT('',(-40.9601791400958,11.0530307583794,2.));
#4467=CARTESIAN_POINT('',(-81.9499999999967,-11.1502461625794,2.));
#4468=CARTESIAN_POINT('',(-81.9499999999967,7.6249998972078,2.));
#4469=CARTESIAN_POINT('',(-76.7949274110902,-11.1502461625794,2.));
#4470=CARTESIAN_POINT('',(-38.397463705545,-11.1502461625794,2.));
#4471=CARTESIAN_POINT('Origin',(-76.7499999999968,-15.250000000035,2.));
#4472=CARTESIAN_POINT('Origin',(-84.9499999999967,-5.82619048566336,13.2907034841713));
#4473=CARTESIAN_POINT('',(-83.5499999999967,-5.82619048566336,12.2907034841713));
#4474=CARTESIAN_POINT('',(-83.5499999999967,-5.82619048566336,12.3));
#4475=CARTESIAN_POINT('',(-83.5499999999967,-5.82619048566336,10.2953517420856));
#4476=CARTESIAN_POINT('',(-84.9499999999967,-5.82619048566336,12.2907034841713));
#4477=CARTESIAN_POINT('',(-84.9499999999967,-5.82619048566336,12.2907034841713));
#4478=CARTESIAN_POINT('',(-84.9499999999967,-5.82619048566336,12.3));
#4479=CARTESIAN_POINT('',(-84.9499999999967,-5.82619048566336,6.64535174208564));
#4480=CARTESIAN_POINT('',(-42.4749999999982,-5.82619048566336,12.3));
#4481=CARTESIAN_POINT('Origin',(-84.9499999999967,6.67380951433664,12.2907034841713));
#4482=CARTESIAN_POINT('',(-84.9499999999967,6.67380951433664,12.3));
#4483=CARTESIAN_POINT('',(-83.5499999999967,6.67380951433664,12.3));
#4484=CARTESIAN_POINT('',(-42.4749999999982,6.67380951433664,12.3));
#4485=CARTESIAN_POINT('',(-84.9499999999967,6.67380951433664,12.2907034841713));
#4486=CARTESIAN_POINT('',(-84.9499999999967,6.67380951433664,6.14535174208563));
#4487=CARTESIAN_POINT('',(-83.5499999999967,6.67380951433664,12.2907034841713));
#4488=CARTESIAN_POINT('',(-84.9499999999967,6.67380951433664,12.2907034841713));
#4489=CARTESIAN_POINT('',(-83.5499999999967,6.67380951433664,9.79535174208563));
#4490=CARTESIAN_POINT('Origin',(-84.9499999999967,3.67380951433664,12.2907034841713));
#4491=CARTESIAN_POINT('',(-83.5499999999967,3.67380951433664,9.29070348417127));
#4492=CARTESIAN_POINT('Origin',(-83.5499999999967,3.67380951433664,12.2907034841713));
#4493=CARTESIAN_POINT('',(-84.9499999999967,3.67380951433664,9.29070348417127));
#4494=CARTESIAN_POINT('Origin',(-84.9499999999967,3.67380951433664,12.2907034841713));
#4495=CARTESIAN_POINT('',(-84.9499999999967,3.67380951433664,9.29070348417127));
#4496=CARTESIAN_POINT('Origin',(-84.9499999999967,-2.82619048566336,9.29070348417127));
#4497=CARTESIAN_POINT('',(-83.5499999999967,-2.82619048566336,9.29070348417127));
#4498=CARTESIAN_POINT('',(-83.5499999999967,-9.03809524284934,9.29070348417127));
#4499=CARTESIAN_POINT('',(-84.9499999999967,-2.82619048566336,9.29070348417127));
#4500=CARTESIAN_POINT('',(-84.9499999999967,6.21190465437626,9.29070348417127));
#4501=CARTESIAN_POINT('',(-84.9499999999967,-2.82619048566336,9.29070348417127));
#4502=CARTESIAN_POINT('Origin',(-84.9499999999967,-2.82619048566336,12.2907034841713));
#4503=CARTESIAN_POINT('Origin',(-83.5499999999967,-2.82619048566336,12.2907034841713));
#4504=CARTESIAN_POINT('Origin',(-84.9499999999967,-2.82619048566336,12.2907034841713));
#4505=CARTESIAN_POINT('Origin',(-84.9499999999967,15.2499997944159,0.));
#4506=CARTESIAN_POINT('',(-84.9499999999967,15.2499997944159,12.3));
#4507=CARTESIAN_POINT('',(-84.9499999999967,15.2499997944159,12.3));
#4508=CARTESIAN_POINT('',(-84.9499999999967,15.2499997944159,0.));
#4509=CARTESIAN_POINT('',(-84.9499999999967,15.2499997944159,0.));
#4510=CARTESIAN_POINT('',(-84.9499999999967,-15.2500000000353,0.));
#4511=CARTESIAN_POINT('',(-84.9499999999967,-15.2500000000353,0.));
#4512=CARTESIAN_POINT('',(-84.9499999999967,-15.2500000000353,12.3));
#4513=CARTESIAN_POINT('',(-84.9499999999967,-15.2500000000353,0.));
#4514=CARTESIAN_POINT('',(-84.9499999999967,15.2499997944159,12.3));
#4515=CARTESIAN_POINT('Origin',(3.19744231092045E-13,-3.10862446895044E-13,
12.3));
#4516=CARTESIAN_POINT('',(-76.7499997944504,-23.4499999999693,12.3));
#4517=CARTESIAN_POINT('Origin',(-76.7500003211627,-15.2500003211353,12.3));
#4518=CARTESIAN_POINT('',(76.7500000000047,-23.4499999999693,12.3));
#4519=CARTESIAN_POINT('',(-76.7499997944504,-23.4499999999693,12.3));
#4520=CARTESIAN_POINT('',(84.9499999999974,-15.2499997945313,12.3));
#4521=CARTESIAN_POINT('Origin',(76.7500003211633,-15.2500003211353,12.3));
#4522=CARTESIAN_POINT('',(84.9499999999973,15.2499999999653,12.3));
#4523=CARTESIAN_POINT('',(84.9499999999973,-15.2499997945313,12.3));
#4524=CARTESIAN_POINT('',(76.7499997944609,23.4499999999687,12.3));
#4525=CARTESIAN_POINT('Origin',(76.7500003211633,15.2500003211347,12.3));
#4526=CARTESIAN_POINT('',(-76.7499999999967,23.4499999999687,12.3));
#4527=CARTESIAN_POINT('',(76.7499997944609,23.4499999999687,12.3));
#4528=CARTESIAN_POINT('Origin',(-76.7500003211627,15.2500003211347,12.3));
#4529=CARTESIAN_POINT('',(-83.5499999999967,15.2499998843435,12.3));
#4530=CARTESIAN_POINT('',(-83.5499999999967,15.2499998843435,12.3));
#4531=CARTESIAN_POINT('',(-76.7499999999967,22.0499999999687,12.3));
#4532=CARTESIAN_POINT('Origin',(-76.7500003211627,15.2500003211347,12.3));
#4533=CARTESIAN_POINT('',(76.7499998843857,22.0499999999687,12.3));
#4534=CARTESIAN_POINT('',(76.7499998843857,22.0499999999687,12.3));
#4535=CARTESIAN_POINT('',(83.5499999999973,15.2499999999653,12.3));
#4536=CARTESIAN_POINT('Origin',(76.7500003211633,15.2500003211347,12.3));
#4537=CARTESIAN_POINT('',(83.5499999999974,-15.2499998844393,12.3));
#4538=CARTESIAN_POINT('',(83.5499999999973,-15.2499998844393,12.3));
#4539=CARTESIAN_POINT('',(76.7500000000047,-22.0499999999693,12.3));
#4540=CARTESIAN_POINT('Origin',(76.7500003211633,-15.2500003211353,12.3));
#4541=CARTESIAN_POINT('',(-76.7499998843769,-22.0499999999693,12.3));
#4542=CARTESIAN_POINT('',(-76.7499998843769,-22.0499999999693,12.3));
#4543=CARTESIAN_POINT('',(-83.5499999999967,-15.2500000000353,12.3));
#4544=CARTESIAN_POINT('Origin',(-76.7500003211627,-15.2500003211353,12.3));
#4545=CARTESIAN_POINT('',(-83.5499999999967,15.2499998843435,12.3));
#4546=CARTESIAN_POINT('Origin',(-76.7500003211627,-15.2500003211353,7.3));
#4547=CARTESIAN_POINT('',(-83.5499999999967,-15.2500000000353,7.3));
#4548=CARTESIAN_POINT('',(-76.7499998843769,-22.0499999999693,7.3));
#4549=CARTESIAN_POINT('Origin',(-76.7500003211627,-15.2500003211353,7.3));
#4550=CARTESIAN_POINT('',(-83.5499999999967,-15.2500000000353,7.3));
#4551=CARTESIAN_POINT('',(-76.7499998843769,-22.0499999999693,7.3));
#4552=CARTESIAN_POINT('Origin',(76.7500000000047,-22.0499999999693,7.3));
#4553=CARTESIAN_POINT('',(76.7500000000047,-22.0499999999693,7.3));
#4554=CARTESIAN_POINT('',(38.3750000000025,-22.0499999999693,7.3));
#4555=CARTESIAN_POINT('',(76.7500000000047,-22.0499999999693,7.3));
#4556=CARTESIAN_POINT('Origin',(76.7500003211633,-15.2500003211353,7.3));
#4557=CARTESIAN_POINT('',(83.5499999999973,-15.2499998844393,7.3));
#4558=CARTESIAN_POINT('Origin',(76.7500003211633,-15.2500003211353,7.3));
#4559=CARTESIAN_POINT('',(83.5499999999973,-15.2499998844393,7.3));
#4560=CARTESIAN_POINT('Origin',(83.5499999999973,15.2499999999653,7.3));
#4561=CARTESIAN_POINT('',(83.5499999999973,15.2499999999653,7.3));
#4562=CARTESIAN_POINT('',(83.5499999999973,7.62499999998253,7.3));
#4563=CARTESIAN_POINT('',(83.5499999999973,15.2499999999653,7.3));
#4564=CARTESIAN_POINT('Origin',(76.7500003211633,15.2500003211347,7.3));
#4565=CARTESIAN_POINT('',(76.7499998843857,22.0499999999687,7.3));
#4566=CARTESIAN_POINT('Origin',(76.7500003211633,15.2500003211347,7.3));
#4567=CARTESIAN_POINT('',(76.7499998843857,22.0499999999687,7.3));
#4568=CARTESIAN_POINT('Origin',(-76.7499999999967,22.0499999999687,7.3));
#4569=CARTESIAN_POINT('',(-76.7499999999967,22.0499999999687,7.3));
#4570=CARTESIAN_POINT('',(-38.3749999999982,22.0499999999687,7.3));
#4571=CARTESIAN_POINT('',(-76.7499999999967,22.0499999999687,7.3));
#4572=CARTESIAN_POINT('Origin',(-76.7500003211627,15.2500003211347,7.3));
#4573=CARTESIAN_POINT('',(-83.5499999999967,15.2499998843435,7.3));
#4574=CARTESIAN_POINT('Origin',(-76.7500003211627,15.2500003211347,7.3));
#4575=CARTESIAN_POINT('',(-83.5499999999967,15.2499998843435,7.3));
#4576=CARTESIAN_POINT('Origin',(-83.5499999999967,-15.2500000000353,7.3));
#4577=CARTESIAN_POINT('',(-83.5499999999967,-7.62500000001779,7.3));
#4578=CARTESIAN_POINT('Origin',(3.19744231092045E-13,-3.10862446895044E-13,
7.3));
#4579=CARTESIAN_POINT('',(-76.7499997944504,-20.4499999999693,7.3));
#4580=CARTESIAN_POINT('',(76.7500000000047,-20.4499999999693,7.3));
#4581=CARTESIAN_POINT('',(-38.3749998972251,-20.4499999999693,7.3));
#4582=CARTESIAN_POINT('',(-81.9499999999967,-15.2500001175109,7.3));
#4583=CARTESIAN_POINT('Origin',(-76.7500003211627,-15.2500003211353,7.3));
#4584=CARTESIAN_POINT('',(-81.9499999999967,15.2499997944159,7.3));
#4585=CARTESIAN_POINT('',(-81.9499999999967,7.6249998972078,7.3));
#4586=CARTESIAN_POINT('',(-76.7500001174964,20.4499999999687,7.3));
#4587=CARTESIAN_POINT('Origin',(-76.7500003211627,15.2500003211347,7.3));
#4588=CARTESIAN_POINT('',(76.7499997944609,20.4499999999687,7.3));
#4589=CARTESIAN_POINT('',(38.3749998972306,20.4499999999687,7.3));
#4590=CARTESIAN_POINT('',(81.9499999999973,15.2500001174663,7.3));
#4591=CARTESIAN_POINT('Origin',(76.7500003211633,15.2500003211347,7.3));
#4592=CARTESIAN_POINT('',(81.9499999999973,-15.2499997945313,7.3));
#4593=CARTESIAN_POINT('',(81.9499999999973,-7.62499989726581,7.3));
#4594=CARTESIAN_POINT('Origin',(76.7500003211633,-15.2500003211353,7.3));
#4595=CARTESIAN_POINT('Origin',(76.7499997944609,20.4499999999687,0.));
#4596=CARTESIAN_POINT('',(-76.7500001174964,20.4499999999687,5.5));
#4597=CARTESIAN_POINT('',(-76.7499999999967,20.4499999999687,0.));
#4598=CARTESIAN_POINT('',(-72.662258805517,20.4499999999687,5.5));
#4599=CARTESIAN_POINT('',(-0.275000102767922,20.4499999999687,5.5));
#4600=CARTESIAN_POINT('',(-72.662258805517,20.4499999999687,3.));
#4601=CARTESIAN_POINT('',(76.7499997944609,20.4499999999687,3.));
#4602=CARTESIAN_POINT('Origin',(-81.9499999999967,15.2499997944159,0.));
#4603=CARTESIAN_POINT('',(-81.9499999999967,-15.2500001175109,5.5));
#4604=CARTESIAN_POINT('',(-81.9499999999967,-15.2500000000353,0.));
#4605=CARTESIAN_POINT('',(-81.9499999999967,-11.1502461625794,5.5));
#4606=CARTESIAN_POINT('',(-81.9499999999967,-0.275000102793151,5.5));
#4607=CARTESIAN_POINT('',(-81.9499999999967,-11.1502461625794,3.));
#4608=CARTESIAN_POINT('',(-81.9499999999967,11.1640716937513,5.5));
#4609=CARTESIAN_POINT('',(-81.9499999999967,11.1640716937513,1.5));
#4610=CARTESIAN_POINT('',(-81.9499999999967,15.2499997944159,5.5));
#4611=CARTESIAN_POINT('',(-81.9499999999967,15.5249998971913,5.5));
#4612=CARTESIAN_POINT('',(-81.9499999999967,15.2499997944159,0.));
#4613=CARTESIAN_POINT('Origin',(-76.7499997944504,-23.4499999999693,0.));
#4614=CARTESIAN_POINT('',(-76.7499997944504,-23.4499999999693,0.));
#4615=CARTESIAN_POINT('',(-76.7499997944504,-23.4499999999693,0.));
#4616=CARTESIAN_POINT('',(76.7500000000047,-23.4499999999693,0.));
#4617=CARTESIAN_POINT('',(76.7500000000047,-23.4499999999693,0.));
#4618=CARTESIAN_POINT('',(76.7500000000047,-23.4499999999693,7.3));
#4619=CARTESIAN_POINT('Origin',(-76.7500003211627,-15.2500003211353,0.));
#4620=CARTESIAN_POINT('Origin',(-76.7500003211627,-15.2500003211353,0.));
#4621=CARTESIAN_POINT('Origin',(-76.7500003211627,15.2500003211347,0.));
#4622=CARTESIAN_POINT('',(-76.7499999999967,23.4499999999687,0.));
#4623=CARTESIAN_POINT('',(-76.7499999999967,23.4499999999687,0.));
#4624=CARTESIAN_POINT('Origin',(-76.7500003211627,15.2500003211347,0.));
#4625=CARTESIAN_POINT('Origin',(76.7500003211633,-15.2500003211353,0.));
#4626=CARTESIAN_POINT('',(81.9499999999973,-15.2499997945313,5.5));
#4627=CARTESIAN_POINT('',(81.9499999999973,-15.2499997945313,0.));
#4628=CARTESIAN_POINT('',(78.7499999999973,-20.0500001070247,5.5));
#4629=CARTESIAN_POINT('Origin',(76.7500003211633,-15.2500003211353,5.5));
#4630=CARTESIAN_POINT('',(78.7499999999973,-20.0500001070247,0.));
#4631=CARTESIAN_POINT('',(76.7500000000047,-20.4499999999693,3.));
#4632=CARTESIAN_POINT('Origin',(81.9499999999973,-15.2499997945313,0.));
#4633=CARTESIAN_POINT('',(81.9499999999973,15.2499999999653,5.5));
#4634=CARTESIAN_POINT('',(81.9499999999973,15.2499999999653,0.));
#4635=CARTESIAN_POINT('',(81.9499999999973,-7.62499989726581,5.5));
#4636=CARTESIAN_POINT('Origin',(-76.7500003211627,15.2500003211347,0.));
#4637=CARTESIAN_POINT('Origin',(-76.7500003211627,15.2500003211347,5.5));
#4638=CARTESIAN_POINT('Origin',(-76.7500003211627,-15.2500003211353,0.));
#4639=CARTESIAN_POINT('',(-76.7499997944504,-20.4499999999693,5.5));
#4640=CARTESIAN_POINT('',(-76.7499997944504,-20.4499999999693,0.));
#4641=CARTESIAN_POINT('Origin',(-76.7500003211627,-15.2500003211353,5.5));
#4642=CARTESIAN_POINT('Origin',(-72.6304914964955,-20.4499999999693,3.));
#4643=CARTESIAN_POINT('',(-72.6500287679331,-15.2346410856892,5.5));
#4644=CARTESIAN_POINT('',(-72.6500287679331,-15.2346410856892,3.));
#4645=CARTESIAN_POINT('',(-72.6304914964955,-20.4499999999693,5.5));
#4646=CARTESIAN_POINT('',(-72.6500287679331,-15.2346410856892,5.5));
#4647=CARTESIAN_POINT('',(-72.6304914964955,-20.4499999999693,1.5));
#4648=CARTESIAN_POINT('Origin',(-76.7949274110902,-11.1502461625794,3.));
#4649=CARTESIAN_POINT('',(-76.7949274110902,-11.1502461625794,5.5));
#4650=CARTESIAN_POINT('',(-76.7949274110902,-11.1502461625794,5.5));
#4651=CARTESIAN_POINT('',(-76.7949274110902,-11.1502461625794,3.));
#4652=CARTESIAN_POINT('Origin',(-76.7499999999968,-15.250000000035,3.));
#4653=CARTESIAN_POINT('Origin',(-76.7499999999968,-15.250000000035,5.5));
#4654=CARTESIAN_POINT('Origin',(-77.2902457482461,-15.8000000000022,5.5));
#4655=CARTESIAN_POINT('',(-77.0201227713483,-20.4499999999693,5.5));
#4656=CARTESIAN_POINT('',(-75.6499999999968,-15.250000000035,5.5));
#4657=CARTESIAN_POINT('Origin',(-76.7499999999968,-15.250000000035,5.5));
#4658=CARTESIAN_POINT('Origin',(-76.7499997944504,-20.4499999999693,0.));
#4659=CARTESIAN_POINT('Origin',(-76.7499999999968,15.2499999999649,3.));
#4660=CARTESIAN_POINT('',(-72.650011414317,15.2596745694687,5.5));
#4661=CARTESIAN_POINT('',(-72.650011414317,15.2596745694687,3.));
#4662=CARTESIAN_POINT('',(-76.7611068102967,11.1500150440456,5.5));
#4663=CARTESIAN_POINT('Origin',(-76.7499999999968,15.2499999999649,5.5));
#4664=CARTESIAN_POINT('',(-76.7611068102967,11.1500150440456,3.));
#4665=CARTESIAN_POINT('Origin',(-81.9499999999967,11.1640716937513,3.));
#4666=CARTESIAN_POINT('',(-76.7611068102967,11.1500150440456,5.5));
#4667=CARTESIAN_POINT('Origin',(-72.650011414317,15.2596745694687,3.));
#4668=CARTESIAN_POINT('',(-72.650011414317,15.2596745694687,5.5));
#4669=CARTESIAN_POINT('Origin',(-77.2999999999967,15.7999999999668,5.5));
#4670=CARTESIAN_POINT('',(-75.6499999999968,15.2499999999649,5.5));
#4671=CARTESIAN_POINT('Origin',(-76.7499999999968,15.2499999999649,5.5));
#4672=CARTESIAN_POINT('Origin',(78.5500000000002,-3.19744231092045E-13,
5.5));
#4673=CARTESIAN_POINT('',(78.7499999999973,16.8499999999649,5.5));
#4674=CARTESIAN_POINT('',(78.7499982398003,9.64999999996535,5.5));
#4675=CARTESIAN_POINT('Origin',(78.750000000003,13.2499999999649,5.5));
#4676=CARTESIAN_POINT('',(78.7499982398003,-9.65000000003544,5.5));
#4677=CARTESIAN_POINT('',(78.7499982398003,9.64999999996535,5.5));
#4678=CARTESIAN_POINT('',(78.7499999999973,-16.850000000035,5.5));
#4679=CARTESIAN_POINT('Origin',(78.750000000003,-13.250000000035,5.5));
#4680=CARTESIAN_POINT('',(78.7499999999973,-16.850000000035,5.5));
#4681=CARTESIAN_POINT('',(78.7499999999973,20.050000107024,5.5));
#4682=CARTESIAN_POINT('Origin',(76.7500003211633,15.2500003211347,5.5));
#4683=CARTESIAN_POINT('',(78.7499999999973,16.8499999999649,5.5));
#4684=CARTESIAN_POINT('',(79.850000000003,13.2499999999649,5.5));
#4685=CARTESIAN_POINT('Origin',(78.750000000003,13.2499999999649,5.5));
#4686=CARTESIAN_POINT('',(79.850000000003,-13.250000000035,5.5));
#4687=CARTESIAN_POINT('Origin',(78.750000000003,-13.250000000035,5.5));
#4688=CARTESIAN_POINT('Origin',(78.7499999999973,20.050000107024,3.));
#4689=CARTESIAN_POINT('',(78.7499999999973,16.8499999999649,3.));
#4690=CARTESIAN_POINT('',(78.7499999999973,20.050000107024,0.));
#4691=CARTESIAN_POINT('Origin',(78.7499999999973,-16.850000000035,3.));
#4692=CARTESIAN_POINT('',(78.7499999999973,-16.850000000035,3.));
#4693=CARTESIAN_POINT('Origin',(78.750000000003,-13.250000000035,3.));
#4694=CARTESIAN_POINT('',(78.7499982398003,-9.65000000003544,3.));
#4695=CARTESIAN_POINT('Origin',(78.7499982398003,9.64999999996535,3.));
#4696=CARTESIAN_POINT('',(78.7499982398003,9.64999999996535,3.));
#4697=CARTESIAN_POINT('Origin',(78.750000000003,13.2499999999649,3.));
#4698=CARTESIAN_POINT('Origin',(76.7500003211633,15.2500003211347,0.));
#4699=CARTESIAN_POINT('Origin',(-76.7499999999968,-15.250000000035,2.2));
#4700=CARTESIAN_POINT('',(-74.5499999999968,-15.250000000035,2.2));
#4701=CARTESIAN_POINT('Origin',(-76.7499999999968,-15.250000000035,2.2));
#4702=CARTESIAN_POINT('',(-75.6499999999968,-15.250000000035,2.2));
#4703=CARTESIAN_POINT('Origin',(-76.7499999999968,-15.250000000035,2.2));
#4704=CARTESIAN_POINT('Origin',(-76.7499999999968,-15.250000000035,1.1));
#4705=CARTESIAN_POINT('',(-74.5499999999968,-15.250000000035,0.));
#4706=CARTESIAN_POINT('Origin',(-76.7499999999968,-15.250000000035,0.));
#4707=CARTESIAN_POINT('',(-74.5499999999968,-15.250000000035,1.1));
#4708=CARTESIAN_POINT('Origin',(-76.7499999999968,-15.250000000035,3.5));
#4709=CARTESIAN_POINT('',(-75.6499999999968,-15.250000000035,3.5));
#4710=CARTESIAN_POINT('Origin',(-76.7499999999968,15.2499999999649,2.2));
#4711=CARTESIAN_POINT('',(-74.5499999999968,15.2499999999649,2.2));
#4712=CARTESIAN_POINT('Origin',(-76.7499999999968,15.2499999999649,2.2));
#4713=CARTESIAN_POINT('',(-75.6499999999968,15.2499999999649,2.2));
#4714=CARTESIAN_POINT('Origin',(-76.7499999999968,15.2499999999649,2.2));
#4715=CARTESIAN_POINT('Origin',(-76.7499999999968,15.2499999999649,1.1));
#4716=CARTESIAN_POINT('',(-74.5499999999968,15.2499999999649,0.));
#4717=CARTESIAN_POINT('Origin',(-76.7499999999968,15.2499999999649,0.));
#4718=CARTESIAN_POINT('',(-74.5499999999968,15.2499999999649,1.1));
#4719=CARTESIAN_POINT('Origin',(-76.7499999999968,15.2499999999649,3.5));
#4720=CARTESIAN_POINT('',(-75.6499999999968,15.2499999999649,3.5));
#4721=CARTESIAN_POINT('Origin',(78.750000000003,13.2499999999649,2.2));
#4722=CARTESIAN_POINT('',(80.950000000003,13.2499999999649,2.2));
#4723=CARTESIAN_POINT('Origin',(78.750000000003,13.2499999999649,2.2));
#4724=CARTESIAN_POINT('',(79.850000000003,13.2499999999649,2.2));
#4725=CARTESIAN_POINT('Origin',(78.750000000003,13.2499999999649,2.2));
#4726=CARTESIAN_POINT('Origin',(78.750000000003,13.2499999999649,1.1));
#4727=CARTESIAN_POINT('',(80.950000000003,13.2499999999649,0.));
#4728=CARTESIAN_POINT('Origin',(78.750000000003,13.2499999999649,0.));
#4729=CARTESIAN_POINT('',(80.950000000003,13.2499999999649,1.1));
#4730=CARTESIAN_POINT('Origin',(78.750000000003,13.2499999999649,3.5));
#4731=CARTESIAN_POINT('',(79.850000000003,13.2499999999649,3.5));
#4732=CARTESIAN_POINT('Origin',(78.750000000003,-13.250000000035,2.2));
#4733=CARTESIAN_POINT('',(80.950000000003,-13.250000000035,2.2));
#4734=CARTESIAN_POINT('Origin',(78.750000000003,-13.250000000035,2.2));
#4735=CARTESIAN_POINT('',(79.850000000003,-13.250000000035,2.2));
#4736=CARTESIAN_POINT('Origin',(78.750000000003,-13.250000000035,2.2));
#4737=CARTESIAN_POINT('Origin',(78.750000000003,-13.250000000035,1.1));
#4738=CARTESIAN_POINT('',(80.950000000003,-13.250000000035,0.));
#4739=CARTESIAN_POINT('Origin',(78.750000000003,-13.250000000035,0.));
#4740=CARTESIAN_POINT('',(80.950000000003,-13.250000000035,1.1));
#4741=CARTESIAN_POINT('Origin',(78.750000000003,-13.250000000035,3.5));
#4742=CARTESIAN_POINT('',(79.850000000003,-13.250000000035,3.5));
#4743=CARTESIAN_POINT('Origin',(76.7499997944609,23.4499999999687,0.));
#4744=CARTESIAN_POINT('',(76.7499997944609,23.4499999999687,0.));
#4745=CARTESIAN_POINT('',(76.7499997944609,23.4499999999687,0.));
#4746=CARTESIAN_POINT('',(-76.7499999999967,23.4499999999687,0.));
#4747=CARTESIAN_POINT('Origin',(76.7500003211633,15.2500003211347,0.));
#4748=CARTESIAN_POINT('',(84.9499999999973,15.2499999999653,0.));
#4749=CARTESIAN_POINT('',(84.9499999999973,15.2499999999653,0.));
#4750=CARTESIAN_POINT('Origin',(76.7500003211633,15.2500003211347,0.));
#4751=CARTESIAN_POINT('Origin',(84.9499999999973,-15.2499997945313,0.));
#4752=CARTESIAN_POINT('',(84.9499999999973,-15.2499997945313,0.));
#4753=CARTESIAN_POINT('',(84.9499999999973,-15.2499997945313,0.));
#4754=CARTESIAN_POINT('',(84.9499999999973,15.2499999999653,0.));
#4755=CARTESIAN_POINT('Origin',(76.7500003211633,-15.2500003211353,0.));
#4756=CARTESIAN_POINT('Origin',(76.7500003211633,-15.2500003211353,0.));
#4757=CARTESIAN_POINT('Origin',(3.19744231092045E-13,-3.10862446895044E-13,
0.));
#4758=CARTESIAN_POINT('Origin',(-83.3499999999967,-15.250000062689,7.3));
#4759=CARTESIAN_POINT('',(-83.3499999999967,6.67380951433664,7.29999983683228));
#4760=CARTESIAN_POINT('',(-83.3499999999967,6.67380951433664,12.3));
#4761=CARTESIAN_POINT('',(-83.3499999999967,6.67380951433664,9.79535174208563));
#4762=CARTESIAN_POINT('',(-83.3499999999967,15.2499997944159,12.3));
#4763=CARTESIAN_POINT('',(-83.3499999999967,-15.250000062689,12.3));
#4764=CARTESIAN_POINT('',(-83.3499999999967,15.2499997944159,7.3));
#4765=CARTESIAN_POINT('',(-83.3499999999967,15.2499997944159,7.3));
#4766=CARTESIAN_POINT('',(-83.3499999999967,-7.6250000313446,7.3));
#4767=CARTESIAN_POINT('Origin',(-83.3499999999967,-15.250000062689,7.3));
#4768=CARTESIAN_POINT('',(-83.3499999999967,-5.82619048566336,12.3));
#4769=CARTESIAN_POINT('',(-83.3499999999967,-5.82619048566336,7.29999983683228));
#4770=CARTESIAN_POINT('',(-83.3499999999967,-5.82619048566336,9.79535174208563));
#4771=CARTESIAN_POINT('',(-83.3499999999967,-15.250000062689,7.3));
#4772=CARTESIAN_POINT('',(-83.3499999999967,-7.6250000313446,7.3));
#4773=CARTESIAN_POINT('',(-83.3499999999967,-15.250000062689,12.3));
#4774=CARTESIAN_POINT('',(-83.3499999999967,-15.250000062689,7.3));
#4775=CARTESIAN_POINT('',(-83.3499999999967,-15.250000062689,12.3));
#4776=CARTESIAN_POINT('Origin',(3.19744231092045E-13,-3.10862446895044E-13,
25.5));
#4777=CARTESIAN_POINT('',(78.7499999999973,-16.350000000035,25.5));
#4778=CARTESIAN_POINT('',(78.7499999999973,-20.0500001070247,25.5));
#4779=CARTESIAN_POINT('',(78.7499999999973,-10.0250000535126,25.5));
#4780=CARTESIAN_POINT('',(76.7500000000047,-20.4499999999693,25.5));
#4781=CARTESIAN_POINT('Origin',(76.7500003211633,-15.2500003211353,25.5));
#4782=CARTESIAN_POINT('',(-73.6504177061762,-20.4499999999693,25.5));
#4783=CARTESIAN_POINT('',(-38.3749998972251,-20.4499999999693,25.5));
#4784=CARTESIAN_POINT('',(-73.6504177061762,-15.3008881502668,25.5));
#4785=CARTESIAN_POINT('',(-73.6504177061762,-7.65044407513358,25.5));
#4786=CARTESIAN_POINT('',(-76.7195625086559,-12.1501494295847,25.5));
#4787=CARTESIAN_POINT('Origin',(-76.7499999999968,-15.250000000035,25.5));
#4788=CARTESIAN_POINT('',(-81.9499999999967,-12.0987916649978,25.5));
#4789=CARTESIAN_POINT('',(-41.0383435529564,-12.5005039929142,25.5));
#4790=CARTESIAN_POINT('',(-81.9499999999967,12.1499999999649,25.5));
#4791=CARTESIAN_POINT('',(-81.9499999999967,7.6249998972078,25.5));
#4792=CARTESIAN_POINT('',(-76.7499999999968,12.1499999999649,25.5));
#4793=CARTESIAN_POINT('',(-38.3749999999982,12.1499999999648,25.5));
#4794=CARTESIAN_POINT('',(-73.6499999999968,15.2499999999649,25.5));
#4795=CARTESIAN_POINT('Origin',(-76.7499999999968,15.2499999999649,25.5));
#4796=CARTESIAN_POINT('',(-73.6499999999968,20.4499999999687,25.5));
#4797=CARTESIAN_POINT('',(-73.6499999999968,10.2249999999841,25.5));
#4798=CARTESIAN_POINT('',(76.7499997944609,20.4499999999687,25.5));
#4799=CARTESIAN_POINT('',(38.3749998972306,20.4499999999687,25.5));
#4800=CARTESIAN_POINT('',(78.7499999999973,20.050000107024,25.5));
#4801=CARTESIAN_POINT('Origin',(76.7500003211633,15.2500003211347,25.5));
#4802=CARTESIAN_POINT('',(78.7499999999973,16.3499999999649,25.5));
#4803=CARTESIAN_POINT('',(78.7499999999973,8.17499999998221,25.5));
#4804=CARTESIAN_POINT('',(78.7499999999973,10.1499999999649,25.5));
#4805=CARTESIAN_POINT('Origin',(78.750000000003,13.2499999999649,25.5));
#4806=CARTESIAN_POINT('',(78.7499999999973,-10.150000000035,25.5));
#4807=CARTESIAN_POINT('',(78.7499999999973,-5.07500000001776,25.5));
#4808=CARTESIAN_POINT('Origin',(78.750000000003,-13.250000000035,25.5));
#4809=CARTESIAN_POINT('',(-21.8821328361621,-9.88128996219732,25.5));
#4810=CARTESIAN_POINT('',(-21.8821328361553,9.88870387819998,25.5));
#4811=CARTESIAN_POINT('',(-21.882132836163,-4.94064498110098,25.5));
#4812=CARTESIAN_POINT('',(-13.5821328361666,-18.181289962201,25.5));
#4813=CARTESIAN_POINT('Origin',(-13.5821328361626,-9.8812899622016,25.5));
#4814=CARTESIAN_POINT('',(13.5478671638193,-18.181289962205,25.5));
#4815=CARTESIAN_POINT('',(6.77393358190852,-18.181289962204,25.5));
#4816=CARTESIAN_POINT('',(21.8478671638443,-9.88128996217871,25.5));
#4817=CARTESIAN_POINT('Origin',(13.5478671638188,-9.88128996217946,25.5));
#4818=CARTESIAN_POINT('',(21.8478671638363,9.88871003780323,25.5));
#4819=CARTESIAN_POINT('',(21.8478671638374,4.94435501890395,25.5));
#4820=CARTESIAN_POINT('',(13.5478671638231,18.1887100378152,25.5));
#4821=CARTESIAN_POINT('Origin',(13.5478671638247,9.88871003780361,25.5));
#4822=CARTESIAN_POINT('',(-13.5821328361726,18.1887100377933,25.5));
#4823=CARTESIAN_POINT('',(-6.79106641809036,18.1887100377964,25.5));
#4824=CARTESIAN_POINT('Origin',(-13.5821328361734,9.88871003780909,25.5));
#4825=CARTESIAN_POINT('Origin',(-84.9499999999967,6.67380951433664,12.2907034841713));
#4826=CARTESIAN_POINT('',(-84.9499999999967,6.67380951433664,12.3));
#4827=CARTESIAN_POINT('',(-42.4749999999982,6.67380951433664,12.3));
#4828=CARTESIAN_POINT('',(-81.9499999999967,6.67380951433664,7.29999983683228));
#4829=CARTESIAN_POINT('',(-3.07499999999825,6.67380951433664,7.3));
#4830=CARTESIAN_POINT('',(-81.9499999999967,6.67380951433664,13.2907034841713));
#4831=CARTESIAN_POINT('',(-81.9499999999967,6.67380951433664,6.14535174208563));
#4832=CARTESIAN_POINT('',(-84.9499999999967,6.67380951433664,13.2907034841713));
#4833=CARTESIAN_POINT('',(-84.9499999999967,6.67380951433664,13.2907034841713));
#4834=CARTESIAN_POINT('',(-84.9499999999967,6.67380951433664,6.14535174208563));
#4835=CARTESIAN_POINT('Origin',(-84.9499999999967,-5.82619048566336,13.2907034841713));
#4836=CARTESIAN_POINT('',(-84.9499999999967,-5.82619048566336,12.3));
#4837=CARTESIAN_POINT('',(-42.4749999999982,-5.82619048566336,12.3));
#4838=CARTESIAN_POINT('',(-84.9499999999967,-5.82619048566336,13.2907034841713));
#4839=CARTESIAN_POINT('',(-84.9499999999967,-5.82619048566336,6.64535174208564));
#4840=CARTESIAN_POINT('',(-81.9499999999967,-5.82619048566336,13.2907034841713));
#4841=CARTESIAN_POINT('',(-84.9499999999967,-5.82619048566336,13.2907034841713));
#4842=CARTESIAN_POINT('',(-81.9499999999967,-5.82619048566336,7.29999983683228));
#4843=CARTESIAN_POINT('',(-81.9499999999967,-5.82619048566335,6.14535174208563));
#4844=CARTESIAN_POINT('',(-3.07499999999825,-5.82619048566336,7.3));
#4845=CARTESIAN_POINT('Origin',(-84.9499999999967,-2.82619048566336,13.2907034841713));
#4846=CARTESIAN_POINT('',(-84.9499999999967,-2.82619048566336,16.2907034841713));
#4847=CARTESIAN_POINT('Origin',(-84.9499999999967,-2.82619048566336,13.2907034841713));
#4848=CARTESIAN_POINT('',(-81.9499999999967,-2.82619048566336,16.2907034841713));
#4849=CARTESIAN_POINT('',(-84.9499999999967,-2.82619048566336,16.2907034841713));
#4850=CARTESIAN_POINT('Origin',(-81.9499999999967,-2.82619048566336,13.2907034841713));
#4851=CARTESIAN_POINT('Origin',(-84.9499999999967,3.67380951433665,16.2907034841713));
#4852=CARTESIAN_POINT('',(-84.9499999999967,3.67380951433665,16.2907034841713));
#4853=CARTESIAN_POINT('',(-84.9499999999967,9.46190465437626,16.2907034841713));
#4854=CARTESIAN_POINT('',(-81.9499999999967,3.67380951433665,16.2907034841713));
#4855=CARTESIAN_POINT('',(-84.9499999999967,3.67380951433665,16.2907034841713));
#4856=CARTESIAN_POINT('',(-81.9499999999967,9.46190465437626,16.2907034841713));
#4857=CARTESIAN_POINT('Origin',(-84.9499999999967,3.67380951433665,13.2907034841713));
#4858=CARTESIAN_POINT('Origin',(-84.9499999999967,3.67380951433665,13.2907034841713));
#4859=CARTESIAN_POINT('Origin',(-81.9499999999967,3.67380951433665,13.2907034841713));
#4860=CARTESIAN_POINT('Origin',(-76.7500003211627,-15.2500003211353,7.3));
#4861=CARTESIAN_POINT('',(-76.7499997944504,-21.8499999999693,7.3));
#4862=CARTESIAN_POINT('Origin',(-76.7500003211627,-15.2500003211353,7.3));
#4863=CARTESIAN_POINT('',(-76.7499997944504,-21.8499999999693,12.3));
#4864=CARTESIAN_POINT('',(-76.7499997944504,-21.8499999999693,7.3));
#4865=CARTESIAN_POINT('Origin',(-76.7500003211627,-15.2500003211353,12.3));
#4866=CARTESIAN_POINT('Origin',(76.7500000626698,-21.8499999999693,7.3));
#4867=CARTESIAN_POINT('',(76.7500000626698,-21.8499999999693,7.3));
#4868=CARTESIAN_POINT('',(77.775000031335,-21.8499999999693,7.3));
#4869=CARTESIAN_POINT('',(76.7500000626698,-21.8499999999693,12.3));
#4870=CARTESIAN_POINT('',(76.7500000626698,-21.8499999999693,7.3));
#4871=CARTESIAN_POINT('',(76.7500000626698,-21.8499999999693,12.3));
#4872=CARTESIAN_POINT('Origin',(76.7500003211633,-15.2500003211353,7.3));
#4873=CARTESIAN_POINT('',(83.3499999999973,-15.2499997945313,7.3));
#4874=CARTESIAN_POINT('Origin',(76.7500003211633,-15.2500003211353,7.3));
#4875=CARTESIAN_POINT('',(83.3499999999973,-15.2499997945313,12.3));
#4876=CARTESIAN_POINT('',(83.3499999999973,-15.2499997945313,7.3));
#4877=CARTESIAN_POINT('Origin',(76.7500003211633,-15.2500003211353,12.3));
#4878=CARTESIAN_POINT('Origin',(83.3499999999973,15.2500000626325,7.3));
#4879=CARTESIAN_POINT('',(83.3499999999973,15.2500000626325,7.3));
#4880=CARTESIAN_POINT('',(83.3499999999973,7.6250000313161,7.3));
#4881=CARTESIAN_POINT('',(83.3499999999973,15.2500000626325,12.3));
#4882=CARTESIAN_POINT('',(83.3499999999973,15.2500000626325,7.3));
#4883=CARTESIAN_POINT('',(83.3499999999973,15.2500000626325,12.3));
#4884=CARTESIAN_POINT('Origin',(76.7500003211633,15.2500003211347,7.3));
#4885=CARTESIAN_POINT('',(76.7499997944609,21.8499999999687,7.3));
#4886=CARTESIAN_POINT('Origin',(76.7500003211633,15.2500003211347,7.3));
#4887=CARTESIAN_POINT('',(76.7499997944609,21.8499999999687,12.3));
#4888=CARTESIAN_POINT('',(76.7499997944609,21.8499999999687,7.3));
#4889=CARTESIAN_POINT('Origin',(76.7500003211633,15.2500003211347,12.3));
#4890=CARTESIAN_POINT('Origin',(-76.7500000626632,21.8499999999687,7.3));
#4891=CARTESIAN_POINT('',(-76.7500000626632,21.8499999999687,7.3));
#4892=CARTESIAN_POINT('',(1.02499996866847,21.8499999999687,7.3));
#4893=CARTESIAN_POINT('',(-76.7500000626632,21.8499999999687,12.3));
#4894=CARTESIAN_POINT('',(-76.7500000626632,21.8499999999687,7.3));
#4895=CARTESIAN_POINT('',(-76.7500000626632,21.8499999999687,12.3));
#4896=CARTESIAN_POINT('Origin',(-76.7500003211627,15.2500003211347,7.3));
#4897=CARTESIAN_POINT('Origin',(-76.7500003211627,15.2500003211347,7.3));
#4898=CARTESIAN_POINT('Origin',(-76.7500003211627,15.2500003211347,12.3));
#4899=CARTESIAN_POINT('Origin',(3.19744231092045E-13,-3.06421554796543E-13,
12.3));
#4900=CARTESIAN_POINT('',(-84.9499999999967,15.2499997944159,12.3));
#4901=CARTESIAN_POINT('',(-84.9499999999967,7.6249998972078,12.3));
#4902=CARTESIAN_POINT('',(-76.7499999999967,23.4499999999687,12.3));
#4903=CARTESIAN_POINT('Origin',(-76.7500003211627,15.2500003211347,12.3));
#4904=CARTESIAN_POINT('',(76.7499997944609,23.4499999999687,12.3));
#4905=CARTESIAN_POINT('',(38.3749998972306,23.4499999999687,12.3));
#4906=CARTESIAN_POINT('',(84.9499999999973,15.2499999999653,12.3));
#4907=CARTESIAN_POINT('Origin',(76.7500003211633,15.2500003211347,12.3));
#4908=CARTESIAN_POINT('',(84.9499999999973,-15.2499997945313,12.3));
#4909=CARTESIAN_POINT('',(84.9499999999973,-7.62499989726581,12.3));
#4910=CARTESIAN_POINT('',(76.7500000000047,-23.4499999999693,12.3));
#4911=CARTESIAN_POINT('Origin',(76.7500003211633,-15.2500003211353,12.3));
#4912=CARTESIAN_POINT('',(-76.7499997944504,-23.4499999999693,12.3));
#4913=CARTESIAN_POINT('',(-38.3749998972251,-23.4499999999693,12.3));
#4914=CARTESIAN_POINT('',(-84.9499999999967,-15.2500000000353,12.3));
#4915=CARTESIAN_POINT('Origin',(-76.7500003211627,-15.2500003211353,12.3));
#4916=CARTESIAN_POINT('',(-84.9499999999967,7.6249998972078,12.3));
#4917=CARTESIAN_POINT('Origin',(84.9499999999973,-15.2499997945313,0.));
#4918=CARTESIAN_POINT('',(84.9499999999973,15.2499999999653,28.5));
#4919=CARTESIAN_POINT('',(84.9499999999973,15.2499999999653,0.));
#4920=CARTESIAN_POINT('',(84.9499999999973,-15.2499997945313,28.5));
#4921=CARTESIAN_POINT('',(84.9499999999973,15.2499999999653,28.5));
#4922=CARTESIAN_POINT('',(84.9499999999973,-15.2499997945313,0.));
#4923=CARTESIAN_POINT('Origin',(76.7500003211633,15.2500003211347,0.));
#4924=CARTESIAN_POINT('',(76.7499997944609,23.4499999999687,28.5));
#4925=CARTESIAN_POINT('',(76.7499997944609,23.4499999999687,0.));
#4926=CARTESIAN_POINT('Origin',(76.7500003211633,15.2500003211347,28.5));
#4927=CARTESIAN_POINT('Origin',(76.7499997944609,23.4499999999687,0.));
#4928=CARTESIAN_POINT('',(-76.7499999999967,23.4499999999687,28.5));
#4929=CARTESIAN_POINT('',(-76.7499999999967,23.4499999999687,0.));
#4930=CARTESIAN_POINT('',(-76.7499999999967,23.4499999999687,28.5));
#4931=CARTESIAN_POINT('Origin',(-76.7500003211627,15.2500003211347,0.));
#4932=CARTESIAN_POINT('',(-84.9499999999967,15.2499997944159,28.5));
#4933=CARTESIAN_POINT('',(-84.9499999999967,15.2499997944159,0.));
#4934=CARTESIAN_POINT('Origin',(-76.7500003211627,15.2500003211347,28.5));
#4935=CARTESIAN_POINT('Origin',(-84.9499999999967,15.2499997944159,0.));
#4936=CARTESIAN_POINT('',(-84.9499999999967,-15.2500000000353,28.5));
#4937=CARTESIAN_POINT('',(-84.9499999999967,-15.2500000000353,0.));
#4938=CARTESIAN_POINT('',(-84.9499999999967,-15.2500000000353,28.5));
#4939=CARTESIAN_POINT('Origin',(-76.7500003211627,-15.2500003211353,0.));
#4940=CARTESIAN_POINT('',(-76.7499997944504,-23.4499999999693,28.5));
#4941=CARTESIAN_POINT('',(-76.7499997944504,-23.4499999999693,0.));
#4942=CARTESIAN_POINT('Origin',(-76.7500003211627,-15.2500003211353,28.5));
#4943=CARTESIAN_POINT('Origin',(-76.7499997944504,-23.4499999999693,0.));
#4944=CARTESIAN_POINT('',(76.7500000000047,-23.4499999999693,28.5));
#4945=CARTESIAN_POINT('',(76.7500000000047,-23.4499999999693,0.));
#4946=CARTESIAN_POINT('',(76.7500000000047,-23.4499999999693,28.5));
#4947=CARTESIAN_POINT('Origin',(3.19744231092045E-13,-3.10862446895044E-13,
25.5));
#4948=CARTESIAN_POINT('',(-77.8499999999968,-15.250000000035,25.5));
#4949=CARTESIAN_POINT('Origin',(-76.7499999999968,-15.250000000035,25.5));
#4950=CARTESIAN_POINT('Origin',(-81.9499999999967,15.2499997944159,0.));
#4951=CARTESIAN_POINT('',(-81.9499999999967,12.1499999999649,7.3));
#4952=CARTESIAN_POINT('',(-81.9499999999967,7.6249998972078,7.3));
#4953=CARTESIAN_POINT('',(-81.9499999999967,12.1499999999649,12.75));
#4954=CARTESIAN_POINT('',(-81.9499999999967,-12.0987916649978,7.3));
#4955=CARTESIAN_POINT('',(-81.9499999999967,-12.0987916649978,12.75));
#4956=CARTESIAN_POINT('',(-81.9499999999967,7.6249998972078,7.3));
#4957=CARTESIAN_POINT('Origin',(-73.6504177061762,-15.3008881502668,25.5));
#4958=CARTESIAN_POINT('',(-73.6504177061762,-20.4499999999693,7.3));
#4959=CARTESIAN_POINT('',(-73.6504177061762,-20.4499999999693,12.75));
#4960=CARTESIAN_POINT('',(-73.6504177061762,-15.3008881502668,7.3));
#4961=CARTESIAN_POINT('',(-73.6504177061762,-15.3008881502668,7.3));
#4962=CARTESIAN_POINT('',(-73.6504177061762,-15.3008881502668,25.5));
#4963=CARTESIAN_POINT('Origin',(-81.9499999999967,-12.0987916649978,25.5));
#4964=CARTESIAN_POINT('',(-76.7195625086559,-12.1501494295847,7.3));
#4965=CARTESIAN_POINT('',(-76.7195625086559,-12.1501494295847,25.5));
#4966=CARTESIAN_POINT('',(-76.7195625086559,-12.1501494295847,7.3));
#4967=CARTESIAN_POINT('Origin',(-76.7499999999968,-15.250000000035,25.5));
#4968=CARTESIAN_POINT('Origin',(-76.7499999999968,-15.250000000035,7.3));
#4969=CARTESIAN_POINT('Origin',(-76.7499999999968,-15.250000000035,25.5));
#4970=CARTESIAN_POINT('',(-77.8499999999968,-15.250000000035,12.));
#4971=CARTESIAN_POINT('Origin',(-76.7499999999968,-15.250000000035,12.));
#4972=CARTESIAN_POINT('',(-77.8499999999968,-15.250000000035,25.5));
#4973=CARTESIAN_POINT('Origin',(3.19744231092045E-13,-3.10862446895044E-13,
25.5));
#4974=CARTESIAN_POINT('',(-77.8499999999968,15.2499999999649,25.5));
#4975=CARTESIAN_POINT('Origin',(-76.7499999999968,15.2499999999649,25.5));
#4976=CARTESIAN_POINT('Origin',(76.7499997944609,20.4499999999687,0.));
#4977=CARTESIAN_POINT('',(76.7499997944609,20.4499999999687,7.3));
#4978=CARTESIAN_POINT('',(-73.6499999999968,20.4499999999687,7.3));
#4979=CARTESIAN_POINT('',(38.3749998972306,20.4499999999687,7.3));
#4980=CARTESIAN_POINT('',(76.7499997944609,20.4499999999687,0.));
#4981=CARTESIAN_POINT('',(-73.6499999999968,20.4499999999687,12.75));
#4982=CARTESIAN_POINT('Origin',(-76.7499999999968,12.1499999999649,25.5));
#4983=CARTESIAN_POINT('',(-76.7499999999968,12.1499999999649,7.3));
#4984=CARTESIAN_POINT('',(-76.7499999999968,12.1499999999649,7.3));
#4985=CARTESIAN_POINT('',(-76.7499999999968,12.1499999999649,25.5));
#4986=CARTESIAN_POINT('Origin',(-73.6499999999968,20.4499999999687,25.5));
#4987=CARTESIAN_POINT('',(-73.6499999999968,15.2499999999649,7.3));
#4988=CARTESIAN_POINT('',(-73.6499999999968,15.2499999999649,25.5));
#4989=CARTESIAN_POINT('',(-73.6499999999968,15.2499999999649,7.3));
#4990=CARTESIAN_POINT('Origin',(-76.7499999999968,15.2499999999649,25.5));
#4991=CARTESIAN_POINT('Origin',(-76.7499999999968,15.2499999999649,7.3));
#4992=CARTESIAN_POINT('Origin',(-76.7499999999968,15.2499999999649,25.5));
#4993=CARTESIAN_POINT('',(-77.8499999999968,15.2499999999649,12.));
#4994=CARTESIAN_POINT('Origin',(-76.7499999999968,15.2499999999649,12.));
#4995=CARTESIAN_POINT('',(-77.8499999999968,15.2499999999649,25.5));
#4996=CARTESIAN_POINT('Origin',(3.19744231092045E-13,-3.10862446895044E-13,
25.5));
#4997=CARTESIAN_POINT('',(77.650000000003,13.2499999999649,25.5));
#4998=CARTESIAN_POINT('Origin',(78.750000000003,13.2499999999649,25.5));
#4999=CARTESIAN_POINT('Origin',(3.19744231092045E-13,-3.10862446895044E-13,
25.5));
#5000=CARTESIAN_POINT('',(77.650000000003,-13.250000000035,25.5));
#5001=CARTESIAN_POINT('Origin',(78.750000000003,-13.250000000035,25.5));
#5002=CARTESIAN_POINT('Origin',(78.8000000000002,-3.19744231092045E-13,
7.3));
#5003=CARTESIAN_POINT('',(76.7500000000047,-20.4499999999693,7.3));
#5004=CARTESIAN_POINT('',(-38.3749998972251,-20.4499999999693,7.3));
#5005=CARTESIAN_POINT('',(78.7499999999973,-20.0500001070247,7.3));
#5006=CARTESIAN_POINT('Origin',(76.7500003211633,-15.2500003211353,7.3));
#5007=CARTESIAN_POINT('',(78.7499999999973,-16.350000000035,7.3));
#5008=CARTESIAN_POINT('',(78.7499999999973,-20.0500001070247,7.3));
#5009=CARTESIAN_POINT('',(78.7499999999973,-10.150000000035,7.3));
#5010=CARTESIAN_POINT('Origin',(78.750000000003,-13.250000000035,7.3));
#5011=CARTESIAN_POINT('',(78.7499999999973,10.1499999999649,7.3));
#5012=CARTESIAN_POINT('',(78.7499999999973,-10.150000000035,7.3));
#5013=CARTESIAN_POINT('',(78.7499999999973,16.3499999999649,7.3));
#5014=CARTESIAN_POINT('Origin',(78.750000000003,13.2499999999649,7.3));
#5015=CARTESIAN_POINT('',(78.7499999999973,20.050000107024,7.3));
#5016=CARTESIAN_POINT('',(78.7499999999973,16.3499999999649,7.3));
#5017=CARTESIAN_POINT('Origin',(76.7500003211633,15.2500003211347,7.3));
#5018=CARTESIAN_POINT('',(-77.8499999999968,15.2499999999649,7.3));
#5019=CARTESIAN_POINT('Origin',(-76.7499999999968,15.2499999999649,7.3));
#5020=CARTESIAN_POINT('',(-77.8499999999968,-15.250000000035,7.3));
#5021=CARTESIAN_POINT('Origin',(-76.7499999999968,-15.250000000035,7.3));
#5022=CARTESIAN_POINT('',(77.650000000003,-13.250000000035,7.3));
#5023=CARTESIAN_POINT('Origin',(78.750000000003,-13.250000000035,7.3));
#5024=CARTESIAN_POINT('',(77.650000000003,13.2499999999649,7.3));
#5025=CARTESIAN_POINT('Origin',(78.750000000003,13.2499999999649,7.3));
#5026=CARTESIAN_POINT('Origin',(78.7499999999973,16.3499999999649,25.5));
#5027=CARTESIAN_POINT('',(78.7499999999973,20.050000107024,0.));
#5028=CARTESIAN_POINT('',(78.7499999999973,16.3499999999649,25.5));
#5029=CARTESIAN_POINT('Origin',(78.7499999999973,-20.0500001070247,25.5));
#5030=CARTESIAN_POINT('',(78.7499999999973,-16.350000000035,25.5));
#5031=CARTESIAN_POINT('',(78.7499999999973,-20.0500001070247,0.));
#5032=CARTESIAN_POINT('Origin',(78.750000000003,-13.250000000035,25.5));
#5033=CARTESIAN_POINT('',(78.7499999999973,-10.150000000035,25.5));
#5034=CARTESIAN_POINT('Origin',(78.7499999999973,-10.150000000035,25.5));
#5035=CARTESIAN_POINT('',(78.7499999999973,10.1499999999649,25.5));
#5036=CARTESIAN_POINT('Origin',(78.750000000003,13.2499999999649,25.5));
#5037=CARTESIAN_POINT('Origin',(78.750000000003,-13.250000000035,25.5));
#5038=CARTESIAN_POINT('',(77.650000000003,-13.250000000035,12.));
#5039=CARTESIAN_POINT('Origin',(78.750000000003,-13.250000000035,12.));
#5040=CARTESIAN_POINT('',(77.650000000003,-13.250000000035,25.5));
#5041=CARTESIAN_POINT('Origin',(78.750000000003,13.2499999999649,25.5));
#5042=CARTESIAN_POINT('',(77.650000000003,13.2499999999649,12.));
#5043=CARTESIAN_POINT('Origin',(78.750000000003,13.2499999999649,12.));
#5044=CARTESIAN_POINT('',(77.650000000003,13.2499999999649,25.5));
#5045=CARTESIAN_POINT('Origin',(78.750000000003,-13.250000000035,25.5));
#5046=CARTESIAN_POINT('',(77.650000000003,-13.250000000035,10.));
#5047=CARTESIAN_POINT('',(77.650000000003,-13.250000000035,25.5));
#5048=CARTESIAN_POINT('Origin',(78.750000000003,-13.250000000035,10.));
#5049=CARTESIAN_POINT('Origin',(-76.7499999999968,15.2499999999649,25.5));
#5050=CARTESIAN_POINT('',(-77.8499999999968,15.2499999999649,10.));
#5051=CARTESIAN_POINT('',(-77.8499999999968,15.2499999999649,25.5));
#5052=CARTESIAN_POINT('Origin',(-76.7499999999968,15.2499999999649,10.));
#5053=CARTESIAN_POINT('Origin',(78.750000000003,13.2499999999649,25.5));
#5054=CARTESIAN_POINT('',(77.650000000003,13.2499999999649,10.));
#5055=CARTESIAN_POINT('',(77.650000000003,13.2499999999649,25.5));
#5056=CARTESIAN_POINT('Origin',(78.750000000003,13.2499999999649,10.));
#5057=CARTESIAN_POINT('Origin',(-76.7499999999968,-15.250000000035,25.5));
#5058=CARTESIAN_POINT('',(-77.8499999999968,-15.250000000035,10.));
#5059=CARTESIAN_POINT('',(-77.8499999999968,-15.250000000035,25.5));
#5060=CARTESIAN_POINT('Origin',(-76.7499999999968,-15.250000000035,10.));
#5061=CARTESIAN_POINT('Origin',(78.750000000003,-13.250000000035,10.));
#5062=CARTESIAN_POINT('',(77.6748115757962,-15.4234695425986,10.));
#5063=CARTESIAN_POINT('',(80.0946856261115,-15.2678752605348,10.));
#5064=CARTESIAN_POINT('',(77.6748115757962,-15.4234695425986,10.));
#5065=CARTESIAN_POINT('',(81.1698740503182,-13.0944057179712,10.));
#5066=CARTESIAN_POINT('',(80.0946856261115,-15.2678752605348,10.));
#5067=CARTESIAN_POINT('',(79.8251884242097,-11.0765304574714,10.));
#5068=CARTESIAN_POINT('',(81.1698740503182,-13.0944057179712,10.));
#5069=CARTESIAN_POINT('',(77.4053143738945,-11.2321247395352,10.));
#5070=CARTESIAN_POINT('',(79.8251884242097,-11.0765304574714,10.));
#5071=CARTESIAN_POINT('',(76.3301259496878,-13.4055942820988,10.));
#5072=CARTESIAN_POINT('',(77.4053143738945,-11.2321247395352,10.));
#5073=CARTESIAN_POINT('',(76.3301259496878,-13.4055942820988,10.));
#5074=CARTESIAN_POINT('Origin',(78.750000000003,-13.250000000035,12.));
#5075=CARTESIAN_POINT('',(77.6748115757962,-15.4234695425986,12.));
#5076=CARTESIAN_POINT('',(80.0946856261115,-15.2678752605348,12.));
#5077=CARTESIAN_POINT('',(77.6748115757962,-15.4234695425986,12.));
#5078=CARTESIAN_POINT('',(76.3301259496878,-13.4055942820988,12.));
#5079=CARTESIAN_POINT('',(76.3301259496878,-13.4055942820988,12.));
#5080=CARTESIAN_POINT('',(77.4053143738945,-11.2321247395352,12.));
#5081=CARTESIAN_POINT('',(77.4053143738945,-11.2321247395352,12.));
#5082=CARTESIAN_POINT('',(79.8251884242097,-11.0765304574714,12.));
#5083=CARTESIAN_POINT('',(79.8251884242097,-11.0765304574714,12.));
#5084=CARTESIAN_POINT('',(81.1698740503182,-13.0944057179712,12.));
#5085=CARTESIAN_POINT('',(81.1698740503182,-13.0944057179712,12.));
#5086=CARTESIAN_POINT('',(80.0946856261115,-15.2678752605348,12.));
#5087=CARTESIAN_POINT('Origin',(77.6748115757962,-15.4234695425986,10.));
#5088=CARTESIAN_POINT('',(77.6748115757962,-15.4234695425986,10.));
#5089=CARTESIAN_POINT('',(80.0946856261115,-15.2678752605348,10.));
#5090=CARTESIAN_POINT('Origin',(80.0946856261115,-15.2678752605348,10.));
#5091=CARTESIAN_POINT('',(81.1698740503182,-13.0944057179712,10.));
#5092=CARTESIAN_POINT('Origin',(81.1698740503182,-13.0944057179712,10.));
#5093=CARTESIAN_POINT('',(79.8251884242097,-11.0765304574714,10.));
#5094=CARTESIAN_POINT('Origin',(79.8251884242097,-11.0765304574714,10.));
#5095=CARTESIAN_POINT('',(77.4053143738945,-11.2321247395352,10.));
#5096=CARTESIAN_POINT('Origin',(77.4053143738945,-11.2321247395352,10.));
#5097=CARTESIAN_POINT('',(76.3301259496878,-13.4055942820988,10.));
#5098=CARTESIAN_POINT('Origin',(76.3301259496878,-13.4055942820988,10.));
#5099=CARTESIAN_POINT('Origin',(-76.7499999999968,15.2499999999649,10.));
#5100=CARTESIAN_POINT('',(-77.591322608165,17.524241910797,10.));
#5101=CARTESIAN_POINT('',(-79.1402125732127,15.6585142039291,10.));
#5102=CARTESIAN_POINT('',(-77.591322608165,17.524241910797,10.));
#5103=CARTESIAN_POINT('',(-78.2988899650446,13.3842722930971,10.));
#5104=CARTESIAN_POINT('',(-79.1402125732127,15.6585142039291,10.));
#5105=CARTESIAN_POINT('',(-75.9086773918286,12.9757580891328,10.));
#5106=CARTESIAN_POINT('',(-78.2988899650446,13.3842722930971,10.));
#5107=CARTESIAN_POINT('',(-74.3597874267809,14.8414857960007,10.));
#5108=CARTESIAN_POINT('',(-75.9086773918286,12.9757580891328,10.));
#5109=CARTESIAN_POINT('',(-75.2011100349491,17.1157277068328,10.));
#5110=CARTESIAN_POINT('',(-74.3597874267809,14.8414857960007,10.));
#5111=CARTESIAN_POINT('',(-75.2011100349491,17.1157277068328,10.));
#5112=CARTESIAN_POINT('Origin',(-76.7499999999968,15.2499999999649,12.));
#5113=CARTESIAN_POINT('',(-77.591322608165,17.524241910797,12.));
#5114=CARTESIAN_POINT('',(-79.1402125732127,15.6585142039291,12.));
#5115=CARTESIAN_POINT('',(-77.591322608165,17.524241910797,12.));
#5116=CARTESIAN_POINT('',(-75.2011100349491,17.1157277068328,12.));
#5117=CARTESIAN_POINT('',(-75.2011100349491,17.1157277068328,12.));
#5118=CARTESIAN_POINT('',(-74.3597874267809,14.8414857960007,12.));
#5119=CARTESIAN_POINT('',(-74.3597874267809,14.8414857960007,12.));
#5120=CARTESIAN_POINT('',(-75.9086773918286,12.9757580891328,12.));
#5121=CARTESIAN_POINT('',(-75.9086773918286,12.9757580891328,12.));
#5122=CARTESIAN_POINT('',(-78.2988899650446,13.3842722930971,12.));
#5123=CARTESIAN_POINT('',(-78.2988899650446,13.3842722930971,12.));
#5124=CARTESIAN_POINT('',(-79.1402125732127,15.6585142039291,12.));
#5125=CARTESIAN_POINT('Origin',(-77.591322608165,17.524241910797,10.));
#5126=CARTESIAN_POINT('',(-77.591322608165,17.524241910797,10.));
#5127=CARTESIAN_POINT('',(-79.1402125732127,15.6585142039291,10.));
#5128=CARTESIAN_POINT('Origin',(-79.1402125732127,15.6585142039291,10.));
#5129=CARTESIAN_POINT('',(-78.2988899650446,13.3842722930971,10.));
#5130=CARTESIAN_POINT('Origin',(-78.2988899650446,13.3842722930971,10.));
#5131=CARTESIAN_POINT('',(-75.9086773918286,12.9757580891328,10.));
#5132=CARTESIAN_POINT('Origin',(-75.9086773918286,12.9757580891328,10.));
#5133=CARTESIAN_POINT('',(-74.3597874267809,14.8414857960007,10.));
#5134=CARTESIAN_POINT('Origin',(-74.3597874267809,14.8414857960007,10.));
#5135=CARTESIAN_POINT('',(-75.2011100349491,17.1157277068328,10.));
#5136=CARTESIAN_POINT('Origin',(-75.2011100349491,17.1157277068328,10.));
#5137=CARTESIAN_POINT('Origin',(78.750000000003,13.2499999999649,10.));
#5138=CARTESIAN_POINT('',(77.9969360580008,10.9450282649417,10.));
#5139=CARTESIAN_POINT('',(80.3696321065372,11.4453416280054,10.));
#5140=CARTESIAN_POINT('',(77.9969360580008,10.9450282649417,10.));
#5141=CARTESIAN_POINT('',(81.1226960485393,13.7503133630286,10.));
#5142=CARTESIAN_POINT('',(80.3696321065372,11.4453416280054,10.));
#5143=CARTESIAN_POINT('',(79.5030639420051,15.5549717349882,10.));
#5144=CARTESIAN_POINT('',(81.1226960485393,13.7503133630286,10.));
#5145=CARTESIAN_POINT('',(77.1303678934688,15.0546583719245,10.));
#5146=CARTESIAN_POINT('',(79.5030639420051,15.5549717349882,10.));
#5147=CARTESIAN_POINT('',(76.3773039514667,12.7496866369012,10.));
#5148=CARTESIAN_POINT('',(77.1303678934688,15.0546583719245,10.));
#5149=CARTESIAN_POINT('',(76.3773039514667,12.7496866369012,10.));
#5150=CARTESIAN_POINT('Origin',(78.750000000003,13.2499999999649,12.));
#5151=CARTESIAN_POINT('',(77.9969360580008,10.9450282649417,12.));
#5152=CARTESIAN_POINT('',(80.3696321065372,11.4453416280054,12.));
#5153=CARTESIAN_POINT('',(77.9969360580008,10.9450282649417,12.));
#5154=CARTESIAN_POINT('',(76.3773039514667,12.7496866369012,12.));
#5155=CARTESIAN_POINT('',(76.3773039514667,12.7496866369012,12.));
#5156=CARTESIAN_POINT('',(77.1303678934688,15.0546583719245,12.));
#5157=CARTESIAN_POINT('',(77.1303678934688,15.0546583719245,12.));
#5158=CARTESIAN_POINT('',(79.5030639420051,15.5549717349882,12.));
#5159=CARTESIAN_POINT('',(79.5030639420051,15.5549717349882,12.));
#5160=CARTESIAN_POINT('',(81.1226960485393,13.7503133630286,12.));
#5161=CARTESIAN_POINT('',(81.1226960485393,13.7503133630286,12.));
#5162=CARTESIAN_POINT('',(80.3696321065372,11.4453416280054,12.));
#5163=CARTESIAN_POINT('Origin',(77.9969360580008,10.9450282649417,10.));
#5164=CARTESIAN_POINT('',(77.9969360580008,10.9450282649417,10.));
#5165=CARTESIAN_POINT('',(80.3696321065372,11.4453416280054,10.));
#5166=CARTESIAN_POINT('Origin',(80.3696321065372,11.4453416280054,10.));
#5167=CARTESIAN_POINT('',(81.1226960485393,13.7503133630286,10.));
#5168=CARTESIAN_POINT('Origin',(81.1226960485393,13.7503133630286,10.));
#5169=CARTESIAN_POINT('',(79.5030639420051,15.5549717349882,10.));
#5170=CARTESIAN_POINT('Origin',(79.5030639420051,15.5549717349882,10.));
#5171=CARTESIAN_POINT('',(77.1303678934688,15.0546583719245,10.));
#5172=CARTESIAN_POINT('Origin',(77.1303678934688,15.0546583719245,10.));
#5173=CARTESIAN_POINT('',(76.3773039514667,12.7496866369012,10.));
#5174=CARTESIAN_POINT('Origin',(76.3773039514667,12.7496866369012,10.));
#5175=CARTESIAN_POINT('Origin',(-76.7499999999968,-15.250000000035,10.));
#5176=CARTESIAN_POINT('',(-75.5867144679931,-13.1223800219772,10.));
#5177=CARTESIAN_POINT('',(-78.0109301845924,-13.178755188436,10.));
#5178=CARTESIAN_POINT('',(-75.5867144679931,-13.1223800219772,10.));
#5179=CARTESIAN_POINT('',(-79.174215716596,-15.3063751664939,10.));
#5180=CARTESIAN_POINT('',(-78.0109301845924,-13.178755188436,10.));
#5181=CARTESIAN_POINT('',(-77.9132855320005,-17.3776199780929,10.));
#5182=CARTESIAN_POINT('',(-79.174215716596,-15.3063751664939,10.));
#5183=CARTESIAN_POINT('',(-75.4890698154013,-17.321244811634,10.));
#5184=CARTESIAN_POINT('',(-77.9132855320005,-17.3776199780929,10.));
#5185=CARTESIAN_POINT('',(-74.3257842833976,-15.1936248335762,10.));
#5186=CARTESIAN_POINT('',(-75.4890698154013,-17.321244811634,10.));
#5187=CARTESIAN_POINT('',(-74.3257842833976,-15.1936248335762,10.));
#5188=CARTESIAN_POINT('Origin',(-76.7499999999968,-15.250000000035,12.));
#5189=CARTESIAN_POINT('',(-75.5867144679931,-13.1223800219772,12.));
#5190=CARTESIAN_POINT('',(-78.0109301845924,-13.178755188436,12.));
#5191=CARTESIAN_POINT('',(-75.5867144679931,-13.1223800219772,12.));
#5192=CARTESIAN_POINT('',(-74.3257842833976,-15.1936248335762,12.));
#5193=CARTESIAN_POINT('',(-74.3257842833976,-15.1936248335762,12.));
#5194=CARTESIAN_POINT('',(-75.4890698154013,-17.321244811634,12.));
#5195=CARTESIAN_POINT('',(-75.4890698154013,-17.321244811634,12.));
#5196=CARTESIAN_POINT('',(-77.9132855320005,-17.3776199780929,12.));
#5197=CARTESIAN_POINT('',(-77.9132855320005,-17.3776199780929,12.));
#5198=CARTESIAN_POINT('',(-79.174215716596,-15.3063751664939,12.));
#5199=CARTESIAN_POINT('',(-79.174215716596,-15.3063751664939,12.));
#5200=CARTESIAN_POINT('',(-78.0109301845924,-13.178755188436,12.));
#5201=CARTESIAN_POINT('Origin',(-75.5867144679931,-13.1223800219772,10.));
#5202=CARTESIAN_POINT('',(-75.5867144679931,-13.1223800219772,10.));
#5203=CARTESIAN_POINT('',(-78.0109301845924,-13.178755188436,10.));
#5204=CARTESIAN_POINT('Origin',(-78.0109301845924,-13.178755188436,10.));
#5205=CARTESIAN_POINT('',(-79.174215716596,-15.3063751664939,10.));
#5206=CARTESIAN_POINT('Origin',(-79.174215716596,-15.3063751664939,10.));
#5207=CARTESIAN_POINT('',(-77.9132855320005,-17.3776199780929,10.));
#5208=CARTESIAN_POINT('Origin',(-77.9132855320005,-17.3776199780929,10.));
#5209=CARTESIAN_POINT('',(-75.4890698154013,-17.321244811634,10.));
#5210=CARTESIAN_POINT('Origin',(-75.4890698154013,-17.321244811634,10.));
#5211=CARTESIAN_POINT('',(-74.3257842833976,-15.1936248335762,10.));
#5212=CARTESIAN_POINT('Origin',(-74.3257842833976,-15.1936248335762,10.));
#5213=CARTESIAN_POINT('Origin',(76.7500003211633,-15.2500003211353,0.));
#5214=CARTESIAN_POINT('Origin',(76.7500003211633,-15.2500003211353,28.5));
#5215=CARTESIAN_POINT('Origin',(-76.7499997944504,-20.4499999999693,0.));
#5216=CARTESIAN_POINT('',(76.7500000000047,-20.4499999999693,0.));
#5217=CARTESIAN_POINT('Origin',(76.7500003211633,-15.2500003211353,0.));
#5218=CARTESIAN_POINT('Origin',(76.7500003211633,15.2500003211347,0.));
#5219=CARTESIAN_POINT('Origin',(-13.5821328361626,-9.8812899622016,28.5));
#5220=CARTESIAN_POINT('',(-13.582132836166,-16.181289962201,28.5));
#5221=CARTESIAN_POINT('',(-13.582132836166,-16.181289962201,21.));
#5222=CARTESIAN_POINT('',(-13.582132836166,-16.181289962201,28.5));
#5223=CARTESIAN_POINT('',(-19.8821144106204,-9.89652680847436,21.));
#5224=CARTESIAN_POINT('Origin',(-13.5821328361626,-9.8812899622016,21.));
#5225=CARTESIAN_POINT('',(-19.8821144106204,-9.89652680847436,19.));
#5226=CARTESIAN_POINT('',(-19.8821144106204,-9.89652680847436,21.));
#5227=CARTESIAN_POINT('',(-19.8821328361621,-9.88128996219377,19.));
#5228=CARTESIAN_POINT('Origin',(-13.5821328361656,-9.88128996217928,19.));
#5229=CARTESIAN_POINT('',(-19.8821328361621,-9.88128996219377,25.));
#5230=CARTESIAN_POINT('',(-19.8821328361621,-9.88128996219377,28.5));
#5231=CARTESIAN_POINT('',(-19.8821328361621,-9.88128996219377,28.5));
#5232=CARTESIAN_POINT('',(-19.8821328361621,-9.88128996219377,28.5));
#5233=CARTESIAN_POINT('Origin',(-13.5821328361626,-9.8812899622016,28.5));
#5234=CARTESIAN_POINT('Origin',(13.5478671638193,-16.181289962205,28.5));
#5235=CARTESIAN_POINT('',(13.5478671638193,-16.181289962205,28.5));
#5236=CARTESIAN_POINT('',(13.5478671638193,-16.181289962205,21.));
#5237=CARTESIAN_POINT('',(13.5478671638193,-16.181289962205,28.5));
#5238=CARTESIAN_POINT('',(13.5478671638193,-16.181289962205,21.));
#5239=CARTESIAN_POINT('',(6.76536716382654,-16.1812899622027,28.5));
#5240=CARTESIAN_POINT('Origin',(13.5478671638188,-9.88128996217946,28.5));
#5241=CARTESIAN_POINT('',(19.8478671638443,-9.88128996217916,28.5));
#5242=CARTESIAN_POINT('',(19.8478671638443,-9.88128996217916,21.));
#5243=CARTESIAN_POINT('',(19.8478671638443,-9.88128996217916,28.5));
#5244=CARTESIAN_POINT('Origin',(13.5478671638188,-9.88128996217946,21.));
#5245=CARTESIAN_POINT('Origin',(13.5478671638188,-9.88128996217946,28.5));
#5246=CARTESIAN_POINT('Origin',(19.8478671638363,9.88871003780323,28.5));
#5247=CARTESIAN_POINT('',(19.8478671638363,9.88871003780323,28.5));
#5248=CARTESIAN_POINT('',(19.8478671638363,9.88871003780323,21.));
#5249=CARTESIAN_POINT('',(19.8478671638363,9.88871003780323,28.5));
#5250=CARTESIAN_POINT('',(19.8478671638363,9.88871003780323,21.));
#5251=CARTESIAN_POINT('',(19.8478671638374,4.94621003780644,28.5));
#5252=CARTESIAN_POINT('Origin',(21.8478671638363,9.88871003780323,28.5));
#5253=CARTESIAN_POINT('',(21.8478671638443,-9.88128996217871,19.));
#5254=CARTESIAN_POINT('',(21.8478671638443,-9.88128996217871,28.5));
#5255=CARTESIAN_POINT('',(21.8478671638363,9.88871003780323,19.));
#5256=CARTESIAN_POINT('',(21.8478671638363,9.88871003780323,19.));
#5257=CARTESIAN_POINT('',(21.8478671638363,9.88871003780323,28.5));
#5258=CARTESIAN_POINT('Origin',(13.5478671638188,-9.88128996217946,28.5));
#5259=CARTESIAN_POINT('',(13.5478671638193,-18.181289962205,19.));
#5260=CARTESIAN_POINT('',(13.5478671638193,-18.181289962205,28.5));
#5261=CARTESIAN_POINT('Origin',(13.5478671638188,-9.88128996217946,19.));
#5262=CARTESIAN_POINT('Origin',(13.5478671638193,-18.181289962205,28.5));
#5263=CARTESIAN_POINT('',(-13.5821328361666,-18.181289962201,19.));
#5264=CARTESIAN_POINT('',(-13.5821328361666,-18.181289962201,28.5));
#5265=CARTESIAN_POINT('',(13.5478671638193,-18.181289962205,19.));
#5266=CARTESIAN_POINT('Origin',(-13.5821328361626,-9.8812899622016,28.5));
#5267=CARTESIAN_POINT('',(-21.8821328361621,-9.88128996219365,25.));
#5268=CARTESIAN_POINT('',(-21.8821328361621,-9.88128996219732,28.5));
#5269=CARTESIAN_POINT('',(-21.8821328361621,-9.88128996219732,19.));
#5270=CARTESIAN_POINT('',(-21.8821328361621,-9.88128996219732,28.5));
#5271=CARTESIAN_POINT('Origin',(-13.5821328361626,-9.8812899622016,19.));
#5272=CARTESIAN_POINT('Origin',(-6.30000011927943,-10.0000001490103,21.));
#5273=CARTESIAN_POINT('',(-6.30000011927943,-10.0000001490103,21.));
#5274=CARTESIAN_POINT('',(-3.19685247976875,-10.0236410229971,21.));
#5275=CARTESIAN_POINT('',(-6.30000011927943,-10.0000001490103,19.));
#5276=CARTESIAN_POINT('',(-6.30000011927943,-10.0000001490103,21.));
#5277=CARTESIAN_POINT('',(-3.19685247976973,-10.0236410229971,19.));
#5278=CARTESIAN_POINT('Origin',(-6.3000001192927,9.88871003781968,21.));
#5279=CARTESIAN_POINT('',(-6.3000001192927,9.88871003781968,21.));
#5280=CARTESIAN_POINT('',(-6.3000001192894,4.9462100378103,21.));
#5281=CARTESIAN_POINT('',(-6.3000001192927,9.88871003781968,19.));
#5282=CARTESIAN_POINT('',(-6.3000001192927,9.88871003781968,21.));
#5283=CARTESIAN_POINT('',(-6.3000001192894,4.9462100378103,19.));
#5284=CARTESIAN_POINT('Origin',(-19.8821328361621,-9.88128996219377,21.));
#5285=CARTESIAN_POINT('',(-19.8821328361621,-9.88128996219377,25.));
#5286=CARTESIAN_POINT('',(-9.94963283616176,-9.88128996219438,19.));
#5287=CARTESIAN_POINT('Origin',(-19.8821328361608,9.88871003780917,25.));
#5288=CARTESIAN_POINT('',(-21.882132836166,9.88871003780929,25.));
#5289=CARTESIAN_POINT('',(-21.8821328361553,9.88870387819998,19.));
#5290=CARTESIAN_POINT('',(-21.8821328361553,9.88870387819998,28.5));
#5291=CARTESIAN_POINT('',(-10.9496328361667,9.88871003781658,19.));
#5292=CARTESIAN_POINT('',(-19.8821328361576,9.88871003780917,21.));
#5293=CARTESIAN_POINT('',(-10.9496328361657,9.88871003781658,21.));
#5294=CARTESIAN_POINT('',(-19.8821328361608,9.88871003780917,25.));
#5295=CARTESIAN_POINT('',(-19.8821328361576,9.88871003780917,28.5));
#5296=CARTESIAN_POINT('',(-19.8821328361608,9.88871003780917,25.));
#5297=CARTESIAN_POINT('Origin',(-19.8821328361621,-9.88128996219377,25.));
#5298=CARTESIAN_POINT('',(-21.8821328361621,-9.88128996219574,25.));
#5299=CARTESIAN_POINT('',(-19.8821328361621,-9.88128996219377,25.));
#5300=CARTESIAN_POINT('Origin',(-19.8821328361621,-9.88128996219377,28.5));
#5301=CARTESIAN_POINT('',(-19.8821328361576,9.88871003780917,28.5));
#5302=CARTESIAN_POINT('',(-19.8821328361576,9.88871003780917,28.5));
#5303=CARTESIAN_POINT('',(-19.8821328361618,-4.93878996219372,28.5));
#5304=CARTESIAN_POINT('Origin',(-15.2221328361578,11.5287100378007,23.));
#5305=CARTESIAN_POINT('',(-16.3221328361578,11.5287100378007,21.));
#5306=CARTESIAN_POINT('Origin',(-15.2221328361578,11.5287100378007,21.));
#5307=CARTESIAN_POINT('',(-16.3221328361578,11.5287100378007,19.));
#5308=CARTESIAN_POINT('',(-16.3221328361578,11.5287100378007,23.));
#5309=CARTESIAN_POINT('Origin',(-15.2221328361578,11.5287100378007,19.));
#5310=CARTESIAN_POINT('Origin',(-15.2221328361644,-11.5212899621994,23.));
#5311=CARTESIAN_POINT('',(-16.3221328361644,-11.5212899621994,21.));
#5312=CARTESIAN_POINT('Origin',(-15.2221328361644,-11.5212899621994,21.));
#5313=CARTESIAN_POINT('',(-16.3221328361644,-11.5212899621994,19.));
#5314=CARTESIAN_POINT('',(-16.3221328361644,-11.5212899621994,23.));
#5315=CARTESIAN_POINT('Origin',(-15.2221328361644,-11.5212899621994,19.));
#5316=CARTESIAN_POINT('Origin',(15.1878671638352,11.5287100378107,23.));
#5317=CARTESIAN_POINT('',(14.0878671638352,11.5287100378107,21.));
#5318=CARTESIAN_POINT('Origin',(15.1878671638352,11.5287100378107,21.));
#5319=CARTESIAN_POINT('',(14.0878671638352,11.5287100378107,19.));
#5320=CARTESIAN_POINT('',(14.0878671638352,11.5287100378107,23.));
#5321=CARTESIAN_POINT('Origin',(15.1878671638352,11.5287100378107,19.));
#5322=CARTESIAN_POINT('Origin',(15.1878671638352,-11.5212899621994,23.));
#5323=CARTESIAN_POINT('',(14.0878671638352,-11.5212899621994,21.));
#5324=CARTESIAN_POINT('Origin',(15.1878671638352,-11.5212899621994,21.));
#5325=CARTESIAN_POINT('',(14.0878671638352,-11.5212899621994,19.));
#5326=CARTESIAN_POINT('',(14.0878671638352,-11.5212899621994,23.));
#5327=CARTESIAN_POINT('Origin',(15.1878671638352,-11.5212899621994,19.));
#5328=CARTESIAN_POINT('Origin',(13.5478671638247,9.88871003780361,28.5));
#5329=CARTESIAN_POINT('',(13.5478671638241,16.1887100378152,28.5));
#5330=CARTESIAN_POINT('',(13.5478671638241,16.1887100378152,21.));
#5331=CARTESIAN_POINT('',(13.5478671638241,16.1887100378152,28.5));
#5332=CARTESIAN_POINT('Origin',(13.5478671638247,9.88871003780361,21.));
#5333=CARTESIAN_POINT('Origin',(13.5478671638247,9.88871003780361,28.5));
#5334=CARTESIAN_POINT('Origin',(-13.5821328361726,16.1887100377933,28.5));
#5335=CARTESIAN_POINT('',(-13.5821328361726,16.1887100377933,28.5));
#5336=CARTESIAN_POINT('',(-13.5821328361726,16.1887100377933,21.));
#5337=CARTESIAN_POINT('',(-13.5821328361726,16.1887100377933,28.5));
#5338=CARTESIAN_POINT('',(-13.5821328361726,16.1887100377933,21.));
#5339=CARTESIAN_POINT('',(-6.79963283617048,16.1887100377964,28.5));
#5340=CARTESIAN_POINT('Origin',(-13.5821328361734,9.88871003780909,28.5));
#5341=CARTESIAN_POINT('Origin',(-13.5821328361734,9.88871003780909,21.));
#5342=CARTESIAN_POINT('Origin',(-13.5821328361734,9.88871003780909,28.5));
#5343=CARTESIAN_POINT('Origin',(-0.0171328361588974,0.00371003780511581,
21.));
#5344=CARTESIAN_POINT('Origin',(-21.8821328361621,-9.88128996219732,28.5));
#5345=CARTESIAN_POINT('',(-21.8821328361553,9.88870387819998,28.5));
#5346=CARTESIAN_POINT('Origin',(13.5478671638247,9.88871003780361,28.5));
#5347=CARTESIAN_POINT('',(13.5478671638231,18.1887100378152,19.));
#5348=CARTESIAN_POINT('Origin',(13.5478671638247,9.88871003780361,19.));
#5349=CARTESIAN_POINT('',(13.5478671638231,18.1887100378152,28.5));
#5350=CARTESIAN_POINT('Origin',(-13.5821328361726,18.1887100377933,28.5));
#5351=CARTESIAN_POINT('',(-13.5821328361726,18.1887100377933,19.));
#5352=CARTESIAN_POINT('',(-13.5821328361726,18.1887100377933,19.));
#5353=CARTESIAN_POINT('',(-13.5821328361726,18.1887100377933,28.5));
#5354=CARTESIAN_POINT('Origin',(-13.5821328361734,9.88871003780909,28.5));
#5355=CARTESIAN_POINT('Origin',(-13.5821328361734,9.88871003780909,19.));
#5356=CARTESIAN_POINT('Origin',(-0.0171328361608536,0.00371003780511803,
28.5));
#5357=CARTESIAN_POINT('Origin',(-0.0171328361608536,0.00371003780511803,
19.));
#5358=CARTESIAN_POINT('',(0.,0.,0.));
#5359=UNCERTAINTY_MEASURE_WITH_UNIT(LENGTH_MEASURE(0.01),#5365,
'DISTANCE_ACCURACY_VALUE',
'Maximum model space distance between geometric entities at asserted c
onnectivities');
#5360=UNCERTAINTY_MEASURE_WITH_UNIT(LENGTH_MEASURE(0.01),#5365,
'DISTANCE_ACCURACY_VALUE',
'Maximum model space distance between geometric entities at asserted c
onnectivities');
#5361=UNCERTAINTY_MEASURE_WITH_UNIT(LENGTH_MEASURE(0.01),#5365,
'DISTANCE_ACCURACY_VALUE',
'Maximum model space distance between geometric entities at asserted c
onnectivities');
#5362=(
GEOMETRIC_REPRESENTATION_CONTEXT(3)
GLOBAL_UNCERTAINTY_ASSIGNED_CONTEXT((#5359))
GLOBAL_UNIT_ASSIGNED_CONTEXT((#5365,#5367,#5368))
REPRESENTATION_CONTEXT('','3D')
);
#5363=(
GEOMETRIC_REPRESENTATION_CONTEXT(3)
GLOBAL_UNCERTAINTY_ASSIGNED_CONTEXT((#5360))
GLOBAL_UNIT_ASSIGNED_CONTEXT((#5365,#5367,#5368))
REPRESENTATION_CONTEXT('','3D')
);
#5364=(
GEOMETRIC_REPRESENTATION_CONTEXT(3)
GLOBAL_UNCERTAINTY_ASSIGNED_CONTEXT((#5361))
GLOBAL_UNIT_ASSIGNED_CONTEXT((#5365,#5367,#5368))
REPRESENTATION_CONTEXT('','3D')
);
#5365=(
LENGTH_UNIT()
NAMED_UNIT(*)
SI_UNIT(.MILLI.,.METRE.)
);
#5366=(
LENGTH_UNIT()
NAMED_UNIT(*)
SI_UNIT($,.METRE.)
);
#5367=(
NAMED_UNIT(*)
PLANE_ANGLE_UNIT()
SI_UNIT($,.RADIAN.)
);
#5368=(
NAMED_UNIT(*)
SI_UNIT($,.STERADIAN.)
SOLID_ANGLE_UNIT()
);
#5369=SHAPE_DEFINITION_REPRESENTATION(#5371,#5374);
#5370=SHAPE_DEFINITION_REPRESENTATION(#5372,#5375);
#5371=PRODUCT_DEFINITION_SHAPE('',$,#5377);
#5372=PRODUCT_DEFINITION_SHAPE('',$,#5378);
#5373=PRODUCT_DEFINITION_SHAPE($,$,#16);
#5374=SHAPE_REPRESENTATION('',(#3209,#3510),#5362);
#5375=SHAPE_REPRESENTATION('',(#3210),#5363);
#5376=PRODUCT_DEFINITION_CONTEXT('part definition',#5384,'design');
#5377=PRODUCT_DEFINITION('3D0xEntropy 1','(Unsaved)',#5379,#5376);
#5378=PRODUCT_DEFINITION('2026-06-05-12-43-30-572','Component19',#5380,
#5376);
#5379=PRODUCT_DEFINITION_FORMATION('',$,#5386);
#5380=PRODUCT_DEFINITION_FORMATION('',$,#5387);
#5381=PRODUCT_RELATED_PRODUCT_CATEGORY('(Unsaved)','(Unsaved)',(#5386));
#5382=PRODUCT_RELATED_PRODUCT_CATEGORY('Component19','Component19',(#5387));
#5383=APPLICATION_PROTOCOL_DEFINITION('international standard',
'automotive_design',2009,#5384);
#5384=APPLICATION_CONTEXT(
'Core Data for Automotive Mechanical Design Process');
#5385=PRODUCT_CONTEXT('part definition',#5384,'mechanical');
#5386=PRODUCT('3D0xEntropy 1','(Unsaved)','KiCad electronic assembly',(#5385));
#5387=PRODUCT('2026-06-05-12-43-30-572','Component19',$,(#5385));
#5388=PRESENTATION_STYLE_ASSIGNMENT((#5389));
#5389=SURFACE_STYLE_USAGE(.BOTH.,#5390);
#5390=SURFACE_SIDE_STYLE('',(#5391));
#5391=SURFACE_STYLE_FILL_AREA(#5392);
#5392=FILL_AREA_STYLE('Steel - Satin',(#5393));
#5393=FILL_AREA_STYLE_COLOUR('Steel - Satin',#5394);
#5394=COLOUR_RGB('Steel - Satin',0.627450980392157,0.627450980392157,0.627450980392157);
ENDSEC;
END-ISO-10303-21;
